income,sustain,cars
50,HIGH,BEVs
50,HIGH,BEVs
50,HIGH,BEVs
50,HIGH,BEVs
50,HIGH,BEVs
50,HIGH,BEVs
50,HIGH,BEVs
50,HIGH,BEVs
50,HIGH,BEVs
50,HIGH,BEVs
50,HIGH,BEVs
50,HIGH,BEVs
50,HIGH,BEVs
50,HIGH,BEVs
50,HIGH,BEVs
50,HIGH,BEVs
50,HIGH,BEVs
50,HIGH,BEVs
50,HIGH,BEVs
50,HIGH,BEVs
50,HIGH,BEVs
50,HIGH,BEVs
50,HIGH,BEVs
50,HIGH,BEVs
50,HIGH,BEVs
50,HIGH,BEVs
50,HIGH,BEVs
50,HIGH,BEVs
50,HIGH,BEVs
50,HIGH,BEVs
50,HIGH,BEVs
50,HIGH,BEVs
50,HIGH,BEVs
50,HIGH,BEVs
50,HIGH,BEVs
50,HIGH,BEVs
50,HIGH,BEVs
50,HIGH,BEVs
50,HIGH,BEVs
50,HIGH,BEVs
50,HIGH,BEVs
50,HIGH,BEVs
50,HIGH,BEVs
50,HIGH,BEVs
50,HIGH,BEVs
50,HIGH,BEVs
50,HIGH,BEVs
50,HIGH,BEVs
50,HIGH,BEVs
50,HIGH,BEVs
50,HIGH,BEVs
50,HIGH,BEVs
50,HIGH,BEVs
50,HIGH,BEVs
50,HIGH,BEVs
50,HIGH,BEVs
50,HIGH,BEVs
50,HIGH,BEVs
50,HIGH,BEVs
50,HIGH,BEVs
50,HIGH,BEVs
50,HIGH,BEVs
50,HIGH,BEVs
50,HIGH,BEVs
50,HIGH,BEVs
50,HIGH,BEVs
50,HIGH,BEVs
50,HIGH,BEVs
50,HIGH,BEVs
50,HIGH,BEVs
50,HIGH,BEVs
50,HIGH,BEVs
50,HIGH,BEVs
50,HIGH,BEVs
50,HIGH,BEVs
50,HIGH,BEVs
50,HIGH,BEVs
50,HIGH,BEVs
50,HIGH,BEVs
50,HIGH,BEVs
50,HIGH,BEVs
50,HIGH,BEVs
50,HIGH,BEVs
50,HIGH,BEVs
50,HIGH,BEVs
50,HIGH,BEVs
50,HIGH,BEVs
50,HIGH,BEVs
50,HIGH,BEVs
50,HIGH,BEVs
50,HIGH,BEVs
50,HIGH,BEVs
50,HIGH,BEVs
50,HIGH,BEVs
50,HIGH,BEVs
50,HIGH,BEVs
50,HIGH,BEVs
50,HIGH,BEVs
50,HIGH,BEVs
50,HIGH,BEVs
50,HIGH,BEVs
50,HIGH,BEVs
50,HIGH,BEVs
50,HIGH,BEVs
50,HIGH,BEVs
50,HIGH,BEVs
50,HIGH,BEVs
50,HIGH,BEVs
50,HIGH,BEVs
50,HIGH,BEVs
50,HIGH,BEVs
50,HIGH,BEVs
50,HIGH,BEVs
50,HIGH,BEVs
50,HIGH,BEVs
50,HIGH,BEVs
50,HIGH,BEVs
50,HIGH,BEVs
50,HIGH,BEVs
50,HIGH,BEVs
50,HIGH,BEVs
50,HIGH,BEVs
50,HIGH,BEVs
50,HIGH,BEVs
50,HIGH,BEVs
50,HIGH,BEVs
50,HIGH,BEVs
50,HIGH,BEVs
50,HIGH,BEVs
50,HIGH,BEVs
50,HIGH,BEVs
50,HIGH,BEVs
50,HIGH,BEVs
50,HIGH,BEVs
50,HIGH,BEVs
50,HIGH,BEVs
50,HIGH,BEVs
50,HIGH,BEVs
50,HIGH,BEVs
50,HIGH,BEVs
50,HIGH,BEVs
50,HIGH,BEVs
50,HIGH,BEVs
50,HIGH,BEVs
50,HIGH,BEVs
50,HIGH,BEVs
50,HIGH,BEVs
50,HIGH,BEVs
50,HIGH,BEVs
50,HIGH,BEVs
50,HIGH,BEVs
50,HIGH,BEVs
50,HIGH,CNG's
50,HIGH,HEVs
50,HIGH,HEVs
50,HIGH,HEVs
50,HIGH,HEVs
50,HIGH,HEVs
50,HIGH,HEVs
50,HIGH,HEVs
50,HIGH,HEVs
50,HIGH,HEVs
50,HIGH,HEVs
50,HIGH,HEVs
50,HIGH,HEVs
50,HIGH,HEVs
50,HIGH,HEVs
50,HIGH,HEVs
50,HIGH,HEVs
50,HIGH,HEVs
50,HIGH,HEVs
50,HIGH,HEVs
50,HIGH,HEVs
50,HIGH,HEVs
50,HIGH,HEVs
50,HIGH,HEVs
50,HIGH,HEVs
50,HIGH,HEVs
50,HIGH,HEVs
50,HIGH,HEVs
50,HIGH,HEVs
50,HIGH,HEVs
50,HIGH,HEVs
50,HIGH,HEVs
50,HIGH,HEVs
50,HIGH,HEVs
50,HIGH,HEVs
50,HIGH,HEVs
50,HIGH,HEVs
50,HIGH,HEVs
50,HIGH,HEVs
50,HIGH,HEVs
50,HIGH,HEVs
50,HIGH,HEVs
50,HIGH,HEVs
50,HIGH,HEVs
50,HIGH,HEVs
50,HIGH,HEVs
50,HIGH,HEVs
50,HIGH,HEVs
50,HIGH,HEVs
50,HIGH,HEVs
50,HIGH,HEVs
50,HIGH,HEVs
50,HIGH,HEVs
50,HIGH,HEVs
50,HIGH,HEVs
50,HIGH,HEVs
50,HIGH,HEVs
50,HIGH,HEVs
50,HIGH,HEVs
50,HIGH,HEVs
50,HIGH,HEVs
50,HIGH,HEVs
50,HIGH,HEVs
50,HIGH,HEVs
50,HIGH,HEVs
50,HIGH,HEVs
50,HIGH,HEVs
50,HIGH,HEVs
50,HIGH,HEVs
50,HIGH,HEVs
50,HIGH,HEVs
50,HIGH,HEVs
50,HIGH,HEVs
50,HIGH,HEVs
50,HIGH,HEVs
50,HIGH,HEVs
50,HIGH,HEVs
50,HIGH,HEVs
50,HIGH,HEVs
50,HIGH,HEVs
50,HIGH,HEVs
50,HIGH,HEVs
50,HIGH,HEVs
50,HIGH,HEVs
50,HIGH,HEVs
50,HIGH,HEVs
50,HIGH,HEVs
50,HIGH,HEVs
50,HIGH,HEVs
50,HIGH,HEVs
50,HIGH,HEVs
50,HIGH,HEVs
50,HIGH,HEVs
50,HIGH,HEVs
50,HIGH,HEVs
50,HIGH,HEVs
50,HIGH,HEVs
50,HIGH,HEVs
50,HIGH,HEVs
50,HIGH,HEVs
50,HIGH,HEVs
50,HIGH,HEVs
50,HIGH,HEVs
50,HIGH,HEVs
50,HIGH,HEVs
50,HIGH,HEVs
50,HIGH,HEVs
50,HIGH,HEVs
50,HIGH,HEVs
50,HIGH,HEVs
50,HIGH,HEVs
50,HIGH,HEVs
50,HIGH,HEVs
50,HIGH,HEVs
50,HIGH,HEVs
50,HIGH,HEVs
50,HIGH,HEVs
50,HIGH,HEVs
50,HIGH,HEVs
50,HIGH,HEVs
50,HIGH,HEVs
50,HIGH,HEVs
50,HIGH,HEVs
50,HIGH,HEVs
50,HIGH,HEVs
50,HIGH,HEVs
50,HIGH,HEVs
50,HIGH,HEVs
50,HIGH,HEVs
50,HIGH,HEVs
50,HIGH,HEVs
50,HIGH,HEVs
50,HIGH,HEVs
50,HIGH,HEVs
50,HIGH,HEVs
50,HIGH,HEVs
50,HIGH,HEVs
50,HIGH,HEVs
50,HIGH,HEVs
50,HIGH,HEVs
50,HIGH,HEVs
50,HIGH,HEVs
50,HIGH,HEVs
50,HIGH,HEVs
50,HIGH,HEVs
50,HIGH,HEVs
50,HIGH,HEVs
50,HIGH,HEVs
50,HIGH,HEVs
50,HIGH,HEVs
50,HIGH,HEVs
50,HIGH,HEVs
50,HIGH,HEVs
50,HIGH,HEVs
50,HIGH,HEVs
50,HIGH,HEVs
50,HIGH,HEVs
50,HIGH,HEVs
50,HIGH,HEVs
50,HIGH,HEVs
50,HIGH,HEVs
50,HIGH,HEVs
50,HIGH,HEVs
50,HIGH,HEVs
50,HIGH,HEVs
50,HIGH,HEVs
50,HIGH,HEVs
50,HIGH,HEVs
50,HIGH,HEVs
50,HIGH,HEVs
50,HIGH,HEVs
50,HIGH,HEVs
50,HIGH,HEVs
50,HIGH,HEVs
50,HIGH,HEVs
50,HIGH,HEVs
50,HIGH,HEVs
50,HIGH,HEVs
50,HIGH,HEVs
50,HIGH,HEVs
50,HIGH,HEVs
50,HIGH,HEVs
50,HIGH,HEVs
50,HIGH,HEVs
50,HIGH,HEVs
50,HIGH,HEVs
50,HIGH,HEVs
50,HIGH,HEVs
50,HIGH,HEVs
50,HIGH,HEVs
50,HIGH,HEVs
50,HIGH,HEVs
50,HIGH,HEVs
50,HIGH,HEVs
50,HIGH,HEVs
50,HIGH,HEVs
50,HIGH,HEVs
50,HIGH,HEVs
50,HIGH,HEVs
50,HIGH,HEVs
50,HIGH,HEVs
50,HIGH,HEVs
50,HIGH,HEVs
50,HIGH,HEVs
50,HIGH,HEVs
50,HIGH,HEVs
50,HIGH,HEVs
50,HIGH,HEVs
50,HIGH,HEVs
50,HIGH,HEVs
50,HIGH,HEVs
50,HIGH,HEVs
50,HIGH,HEVs
50,HIGH,HEVs
50,HIGH,HEVs
50,HIGH,HEVs
50,HIGH,HEVs
50,HIGH,HEVs
50,HIGH,HEVs
50,HIGH,HEVs
50,HIGH,HEVs
50,HIGH,HEVs
50,HIGH,HEVs
50,HIGH,HEVs
50,HIGH,HEVs
50,HIGH,HEVs
50,HIGH,HEVs
50,HIGH,HEVs
50,HIGH,HEVs
50,HIGH,HEVs
50,HIGH,HEVs
50,HIGH,HEVs
50,HIGH,HEVs
50,HIGH,HEVs
50,HIGH,HEVs
50,HIGH,HEVs
50,HIGH,HEVs
50,HIGH,HEVs
50,HIGH,HEVs
50,HIGH,HEVs
50,HIGH,HEVs
50,HIGH,HEVs
50,HIGH,HEVs
50,HIGH,HEVs
50,HIGH,HEVs
50,HIGH,HEVs
50,HIGH,HEVs
50,HIGH,HEVs
50,HIGH,HEVs
50,HIGH,HEVs
50,HIGH,HEVs
50,HIGH,HEVs
50,HIGH,HEVs
50,HIGH,HEVs
50,HIGH,HEVs
50,HIGH,HEVs
50,HIGH,HEVs
50,HIGH,HEVs
50,HIGH,HEVs
50,HIGH,HEVs
50,HIGH,HEVs
50,HIGH,HEVs
50,HIGH,HEVs
50,HIGH,HEVs
50,HIGH,HEVs
50,HIGH,HEVs
50,HIGH,HEVs
50,HIGH,HEVs
50,HIGH,HEVs
50,HIGH,HEVs
50,HIGH,HEVs
50,HIGH,HEVs
50,HIGH,HEVs
50,HIGH,HEVs
50,HIGH,HEVs
50,HIGH,HEVs
50,HIGH,HEVs
50,HIGH,HEVs
50,HIGH,HEVs
50,HIGH,HEVs
50,HIGH,HEVs
50,HIGH,HEVs
50,HIGH,HEVs
50,HIGH,HEVs
50,HIGH,HEVs
50,HIGH,HEVs
50,HIGH,HEVs
50,HIGH,HEVs
50,HIGH,HEVs
50,HIGH,HEVs
50,HIGH,HEVs
50,HIGH,HEVs
50,HIGH,HEVs
50,HIGH,HEVs
50,HIGH,HEVs
50,HIGH,HEVs
50,HIGH,HEVs
50,HIGH,PHEVs
50,HIGH,PHEVs
50,HIGH,PHEVs
50,HIGH,PHEVs
50,HIGH,PHEVs
50,HIGH,PHEVs
50,HIGH,PHEVs
50,HIGH,PHEVs
50,HIGH,PHEVs
50,HIGH,PHEVs
50,HIGH,PHEVs
50,HIGH,PHEVs
50,HIGH,PHEVs
50,HIGH,PHEVs
50,HIGH,PHEVs
50,HIGH,PHEVs
50,HIGH,PHEVs
50,HIGH,PHEVs
50,HIGH,PHEVs
50,HIGH,PHEVs
50,HIGH,PHEVs
50,HIGH,PHEVs
50,HIGH,PHEVs
50,HIGH,PHEVs
50,HIGH,PHEVs
50,HIGH,PHEVs
50,HIGH,PHEVs
50,HIGH,PHEVs
50,HIGH,PHEVs
50,HIGH,PHEVs
50,HIGH,PHEVs
50,HIGH,PHEVs
50,HIGH,PHEVs
50,HIGH,PHEVs
50,HIGH,PHEVs
50,HIGH,PHEVs
50,HIGH,PHEVs
50,HIGH,PHEVs
50,HIGH,PHEVs
50,HIGH,PHEVs
50,HIGH,PHEVs
50,HIGH,PHEVs
50,HIGH,PHEVs
50,HIGH,PHEVs
50,HIGH,PHEVs
50,HIGH,PHEVs
50,HIGH,PHEVs
50,HIGH,PHEVs
50,HIGH,PHEVs
50,HIGH,PHEVs
50,HIGH,PHEVs
50,HIGH,PHEVs
50,HIGH,PHEVs
50,HIGH,PHEVs
50,HIGH,PHEVs
50,HIGH,PHEVs
50,HIGH,PHEVs
50,HIGH,PHEVs
50,HIGH,PHEVs
50,HIGH,PHEVs
50,HIGH,PHEVs
50,HIGH,PHEVs
50,HIGH,PHEVs
50,HIGH,PHEVs
50,HIGH,PHEVs
50,HIGH,PHEVs
50,HIGH,PHEVs
50,HIGH,PHEVs
50,HIGH,PHEVs
50,HIGH,PHEVs
50,HIGH,PHEVs
50,HIGH,PHEVs
50,HIGH,PHEVs
50,HIGH,PHEVs
50,HIGH,PHEVs
50,HIGH,PHEVs
50,HIGH,PHEVs
50,HIGH,PHEVs
50,HIGH,PHEVs
50,HIGH,PHEVs
50,HIGH,PHEVs
50,HIGH,PHEVs
50,HIGH,PHEVs
50,HIGH,PHEVs
50,HIGH,PHEVs
50,HIGH,PHEVs
50,HIGH,PHEVs
50,HIGH,PHEVs
50,HIGH,PHEVs
50,HIGH,PHEVs
50,HIGH,PHEVs
50,HIGH,PHEVs
50,HIGH,PHEVs
50,HIGH,PHEVs
50,HIGH,PHEVs
50,HIGH,PHEVs
50,HIGH,PHEVs
50,HIGH,PHEVs
50,HIGH,PHEVs
50,HIGH,PHEVs
50,HIGH,PHEVs
50,HIGH,PHEVs
50,HIGH,PHEVs
50,HIGH,PHEVs
50,HIGH,PHEVs
50,HIGH,PHEVs
50,HIGH,PHEVs
50,HIGH,PHEVs
50,HIGH,PHEVs
50,HIGH,PHEVs
50,HIGH,PHEVs
50,HIGH,PHEVs
50,HIGH,PHEVs
50,HIGH,PHEVs
50,HIGH,PHEVs
50,LOW,BEVs
50,LOW,BEVs
50,LOW,BEVs
50,LOW,BEVs
50,LOW,BEVs
50,LOW,BEVs
50,LOW,BEVs
50,LOW,BEVs
50,LOW,BEVs
50,LOW,BEVs
50,LOW,BEVs
50,LOW,BEVs
50,LOW,BEVs
50,LOW,BEVs
50,LOW,BEVs
50,LOW,HEVs
50,LOW,HEVs
50,LOW,HEVs
50,LOW,HEVs
50,LOW,HEVs
50,LOW,HEVs
50,LOW,HEVs
50,LOW,HEVs
50,LOW,HEVs
50,LOW,HEVs
50,LOW,HEVs
50,LOW,HEVs
50,LOW,HEVs
50,LOW,HEVs
50,LOW,HEVs
50,LOW,HEVs
50,LOW,HEVs
50,LOW,HEVs
50,LOW,HEVs
50,LOW,HEVs
50,LOW,HEVs
50,LOW,HEVs
50,LOW,HEVs
50,LOW,HEVs
50,LOW,HEVs
50,LOW,HEVs
50,LOW,HEVs
50,LOW,PHEVs
50,LOW,PHEVs
50,LOW,PHEVs
50,LOW,PHEVs
50,LOW,PHEVs
50,LOW,PHEVs
50,LOW,PHEVs
50,LOW,PHEVs
50,LOW,PHEVs
50,LOW,PHEVs
50,LOW,PHEVs
50,LOW,PHEVs
50,LOW,PHEVs
50,LOW,PHEVs
50,LOW,PHEVs
50,LOW,PHEVs
50,LOW,PHEVs
50,LOW,PHEVs
50,MED,BEVs
50,MED,BEVs
50,MED,BEVs
50,MED,BEVs
50,MED,BEVs
50,MED,BEVs
50,MED,BEVs
50,MED,BEVs
50,MED,BEVs
50,MED,BEVs
50,MED,BEVs
50,MED,BEVs
50,MED,BEVs
50,MED,BEVs
50,MED,BEVs
50,MED,BEVs
50,MED,BEVs
50,MED,BEVs
50,MED,BEVs
50,MED,BEVs
50,MED,BEVs
50,MED,BEVs
50,MED,BEVs
50,MED,BEVs
50,MED,BEVs
50,MED,BEVs
50,MED,BEVs
50,MED,BEVs
50,MED,BEVs
50,MED,BEVs
50,MED,BEVs
50,MED,BEVs
50,MED,CNG's
50,MED,HEVs
50,MED,HEVs
50,MED,HEVs
50,MED,HEVs
50,MED,HEVs
50,MED,HEVs
50,MED,HEVs
50,MED,HEVs
50,MED,HEVs
50,MED,HEVs
50,MED,HEVs
50,MED,HEVs
50,MED,HEVs
50,MED,HEVs
50,MED,HEVs
50,MED,HEVs
50,MED,HEVs
50,MED,HEVs
50,MED,HEVs
50,MED,HEVs
50,MED,HEVs
50,MED,HEVs
50,MED,HEVs
50,MED,HEVs
50,MED,HEVs
50,MED,HEVs
50,MED,HEVs
50,MED,HEVs
50,MED,HEVs
50,MED,HEVs
50,MED,HEVs
50,MED,HEVs
50,MED,HEVs
50,MED,HEVs
50,MED,HEVs
50,MED,HEVs
50,MED,HEVs
50,MED,HEVs
50,MED,HEVs
50,MED,HEVs
50,MED,HEVs
50,MED,HEVs
50,MED,HEVs
50,MED,HEVs
50,MED,HEVs
50,MED,HEVs
50,MED,HEVs
50,MED,HEVs
50,MED,HEVs
50,MED,HEVs
50,MED,PHEVs
50,MED,PHEVs
50,MED,PHEVs
50,MED,PHEVs
50,MED,PHEVs
50,MED,PHEVs
50,MED,PHEVs
50,MED,PHEVs
50,MED,PHEVs
50,MED,PHEVs
50,MED,PHEVs
50,MED,PHEVs
50,MED,PHEVs
50,MED,PHEVs
50,MED,PHEVs
50,MED,PHEVs
50,MED,PHEVs
50,MED,PHEVs
50,MED,PHEVs
50,MED,PHEVs
50,MED,PHEVs
50,MED,PHEVs
50,MED,PHEVs
50,MED,PHEVs
50,MED,PHEVs
50,MED,PHEVs
50,MED,PHEVs
50,MED,PHEVs
50,MED,PHEVs
50,MED,PHEVs
50,MED,PHEVs
50,MED,PHEVs
50,MED,PHEVs
50,MED,PHEVs
90,HIGH,BEVs
90,HIGH,BEVs
90,HIGH,BEVs
90,HIGH,BEVs
90,HIGH,BEVs
90,HIGH,BEVs
90,HIGH,BEVs
90,HIGH,BEVs
90,HIGH,BEVs
90,HIGH,BEVs
90,HIGH,BEVs
90,HIGH,BEVs
90,HIGH,BEVs
90,HIGH,BEVs
90,HIGH,BEVs
90,HIGH,BEVs
90,HIGH,BEVs
90,HIGH,BEVs
90,HIGH,BEVs
90,HIGH,BEVs
90,HIGH,BEVs
90,HIGH,BEVs
90,HIGH,BEVs
90,HIGH,BEVs
90,HIGH,BEVs
90,HIGH,BEVs
90,HIGH,BEVs
90,HIGH,BEVs
90,HIGH,BEVs
90,HIGH,BEVs
90,HIGH,BEVs
90,HIGH,BEVs
90,HIGH,BEVs
90,HIGH,BEVs
90,HIGH,BEVs
90,HIGH,BEVs
90,HIGH,BEVs
90,HIGH,BEVs
90,HIGH,BEVs
90,HIGH,BEVs
90,HIGH,BEVs
90,HIGH,BEVs
90,HIGH,BEVs
90,HIGH,BEVs
90,HIGH,BEVs
90,HIGH,BEVs
90,HIGH,BEVs
90,HIGH,BEVs
90,HIGH,BEVs
90,HIGH,BEVs
90,HIGH,BEVs
90,HIGH,BEVs
90,HIGH,BEVs
90,HIGH,BEVs
90,HIGH,BEVs
90,HIGH,BEVs
90,HIGH,BEVs
90,HIGH,BEVs
90,HIGH,BEVs
90,HIGH,BEVs
90,HIGH,BEVs
90,HIGH,BEVs
90,HIGH,BEVs
90,HIGH,BEVs
90,HIGH,BEVs
90,HIGH,BEVs
90,HIGH,BEVs
90,HIGH,BEVs
90,HIGH,BEVs
90,HIGH,BEVs
90,HIGH,BEVs
90,HIGH,BEVs
90,HIGH,BEVs
90,HIGH,BEVs
90,HIGH,BEVs
90,HIGH,BEVs
90,HIGH,BEVs
90,HIGH,BEVs
90,HIGH,BEVs
90,HIGH,BEVs
90,HIGH,BEVs
90,HIGH,BEVs
90,HIGH,BEVs
90,HIGH,BEVs
90,HIGH,BEVs
90,HIGH,BEVs
90,HIGH,BEVs
90,HIGH,BEVs
90,HIGH,BEVs
90,HIGH,BEVs
90,HIGH,BEVs
90,HIGH,BEVs
90,HIGH,BEVs
90,HIGH,BEVs
90,HIGH,BEVs
90,HIGH,BEVs
90,HIGH,BEVs
90,HIGH,BEVs
90,HIGH,BEVs
90,HIGH,BEVs
90,HIGH,BEVs
90,HIGH,BEVs
90,HIGH,BEVs
90,HIGH,BEVs
90,HIGH,BEVs
90,HIGH,BEVs
90,HIGH,BEVs
90,HIGH,BEVs
90,HIGH,BEVs
90,HIGH,BEVs
90,HIGH,BEVs
90,HIGH,BEVs
90,HIGH,BEVs
90,HIGH,BEVs
90,HIGH,BEVs
90,HIGH,BEVs
90,HIGH,BEVs
90,HIGH,BEVs
90,HIGH,BEVs
90,HIGH,BEVs
90,HIGH,BEVs
90,HIGH,BEVs
90,HIGH,BEVs
90,HIGH,BEVs
90,HIGH,BEVs
90,HIGH,BEVs
90,HIGH,BEVs
90,HIGH,BEVs
90,HIGH,BEVs
90,HIGH,BEVs
90,HIGH,BEVs
90,HIGH,BEVs
90,HIGH,BEVs
90,HIGH,BEVs
90,HIGH,BEVs
90,HIGH,BEVs
90,HIGH,BEVs
90,HIGH,BEVs
90,HIGH,BEVs
90,HIGH,BEVs
90,HIGH,BEVs
90,HIGH,BEVs
90,HIGH,BEVs
90,HIGH,BEVs
90,HIGH,BEVs
90,HIGH,BEVs
90,HIGH,BEVs
90,HIGH,BEVs
90,HIGH,BEVs
90,HIGH,BEVs
90,HIGH,BEVs
90,HIGH,BEVs
90,HIGH,BEVs
90,HIGH,BEVs
90,HIGH,BEVs
90,HIGH,BEVs
90,HIGH,BEVs
90,HIGH,BEVs
90,HIGH,BEVs
90,HIGH,BEVs
90,HIGH,BEVs
90,HIGH,BEVs
90,HIGH,BEVs
90,HIGH,BEVs
90,HIGH,BEVs
90,HIGH,BEVs
90,HIGH,BEVs
90,HIGH,BEVs
90,HIGH,BEVs
90,HIGH,BEVs
90,HIGH,BEVs
90,HIGH,BEVs
90,HIGH,BEVs
90,HIGH,BEVs
90,HIGH,BEVs
90,HIGH,BEVs
90,HIGH,BEVs
90,HIGH,BEVs
90,HIGH,BEVs
90,HIGH,BEVs
90,HIGH,BEVs
90,HIGH,BEVs
90,HIGH,BEVs
90,HIGH,BEVs
90,HIGH,BEVs
90,HIGH,BEVs
90,HIGH,BEVs
90,HIGH,BEVs
90,HIGH,BEVs
90,HIGH,BEVs
90,HIGH,BEVs
90,HIGH,BEVs
90,HIGH,BEVs
90,HIGH,BEVs
90,HIGH,BEVs
90,HIGH,BEVs
90,HIGH,BEVs
90,HIGH,BEVs
90,HIGH,BEVs
90,HIGH,BEVs
90,HIGH,BEVs
90,HIGH,BEVs
90,HIGH,BEVs
90,HIGH,BEVs
90,HIGH,BEVs
90,HIGH,BEVs
90,HIGH,BEVs
90,HIGH,BEVs
90,HIGH,BEVs
90,HIGH,BEVs
90,HIGH,BEVs
90,HIGH,BEVs
90,HIGH,BEVs
90,HIGH,BEVs
90,HIGH,BEVs
90,HIGH,BEVs
90,HIGH,BEVs
90,HIGH,BEVs
90,HIGH,BEVs
90,HIGH,BEVs
90,HIGH,BEVs
90,HIGH,BEVs
90,HIGH,BEVs
90,HIGH,BEVs
90,HIGH,BEVs
90,HIGH,BEVs
90,HIGH,BEVs
90,HIGH,BEVs
90,HIGH,BEVs
90,HIGH,BEVs
90,HIGH,BEVs
90,HIGH,BEVs
90,HIGH,BEVs
90,HIGH,BEVs
90,HIGH,BEVs
90,HIGH,CNG's
90,HIGH,CNG's
90,HIGH,CNG's
90,HIGH,HEVs
90,HIGH,HEVs
90,HIGH,HEVs
90,HIGH,HEVs
90,HIGH,HEVs
90,HIGH,HEVs
90,HIGH,HEVs
90,HIGH,HEVs
90,HIGH,HEVs
90,HIGH,HEVs
90,HIGH,HEVs
90,HIGH,HEVs
90,HIGH,HEVs
90,HIGH,HEVs
90,HIGH,HEVs
90,HIGH,HEVs
90,HIGH,HEVs
90,HIGH,HEVs
90,HIGH,HEVs
90,HIGH,HEVs
90,HIGH,HEVs
90,HIGH,HEVs
90,HIGH,HEVs
90,HIGH,HEVs
90,HIGH,HEVs
90,HIGH,HEVs
90,HIGH,HEVs
90,HIGH,HEVs
90,HIGH,HEVs
90,HIGH,HEVs
90,HIGH,HEVs
90,HIGH,HEVs
90,HIGH,HEVs
90,HIGH,HEVs
90,HIGH,HEVs
90,HIGH,HEVs
90,HIGH,HEVs
90,HIGH,HEVs
90,HIGH,HEVs
90,HIGH,HEVs
90,HIGH,HEVs
90,HIGH,HEVs
90,HIGH,HEVs
90,HIGH,HEVs
90,HIGH,HEVs
90,HIGH,HEVs
90,HIGH,HEVs
90,HIGH,HEVs
90,HIGH,HEVs
90,HIGH,HEVs
90,HIGH,HEVs
90,HIGH,HEVs
90,HIGH,HEVs
90,HIGH,HEVs
90,HIGH,HEVs
90,HIGH,HEVs
90,HIGH,HEVs
90,HIGH,HEVs
90,HIGH,HEVs
90,HIGH,HEVs
90,HIGH,HEVs
90,HIGH,HEVs
90,HIGH,HEVs
90,HIGH,HEVs
90,HIGH,HEVs
90,HIGH,HEVs
90,HIGH,HEVs
90,HIGH,HEVs
90,HIGH,HEVs
90,HIGH,HEVs
90,HIGH,HEVs
90,HIGH,HEVs
90,HIGH,HEVs
90,HIGH,HEVs
90,HIGH,HEVs
90,HIGH,HEVs
90,HIGH,HEVs
90,HIGH,HEVs
90,HIGH,HEVs
90,HIGH,HEVs
90,HIGH,HEVs
90,HIGH,HEVs
90,HIGH,HEVs
90,HIGH,HEVs
90,HIGH,HEVs
90,HIGH,HEVs
90,HIGH,HEVs
90,HIGH,HEVs
90,HIGH,HEVs
90,HIGH,HEVs
90,HIGH,HEVs
90,HIGH,HEVs
90,HIGH,HEVs
90,HIGH,HEVs
90,HIGH,HEVs
90,HIGH,HEVs
90,HIGH,HEVs
90,HIGH,HEVs
90,HIGH,HEVs
90,HIGH,HEVs
90,HIGH,HEVs
90,HIGH,HEVs
90,HIGH,HEVs
90,HIGH,HEVs
90,HIGH,HEVs
90,HIGH,HEVs
90,HIGH,HEVs
90,HIGH,HEVs
90,HIGH,HEVs
90,HIGH,HEVs
90,HIGH,HEVs
90,HIGH,HEVs
90,HIGH,HEVs
90,HIGH,HEVs
90,HIGH,HEVs
90,HIGH,HEVs
90,HIGH,HEVs
90,HIGH,HEVs
90,HIGH,HEVs
90,HIGH,HEVs
90,HIGH,HEVs
90,HIGH,HEVs
90,HIGH,HEVs
90,HIGH,HEVs
90,HIGH,HEVs
90,HIGH,HEVs
90,HIGH,HEVs
90,HIGH,HEVs
90,HIGH,HEVs
90,HIGH,HEVs
90,HIGH,HEVs
90,HIGH,HEVs
90,HIGH,HEVs
90,HIGH,HEVs
90,HIGH,HEVs
90,HIGH,HEVs
90,HIGH,HEVs
90,HIGH,HEVs
90,HIGH,HEVs
90,HIGH,HEVs
90,HIGH,HEVs
90,HIGH,HEVs
90,HIGH,HEVs
90,HIGH,HEVs
90,HIGH,HEVs
90,HIGH,HEVs
90,HIGH,HEVs
90,HIGH,HEVs
90,HIGH,HEVs
90,HIGH,HEVs
90,HIGH,HEVs
90,HIGH,HEVs
90,HIGH,HEVs
90,HIGH,HEVs
90,HIGH,HEVs
90,HIGH,HEVs
90,HIGH,HEVs
90,HIGH,HEVs
90,HIGH,HEVs
90,HIGH,HEVs
90,HIGH,HEVs
90,HIGH,HEVs
90,HIGH,HEVs
90,HIGH,HEVs
90,HIGH,HEVs
90,HIGH,HEVs
90,HIGH,HEVs
90,HIGH,HEVs
90,HIGH,HEVs
90,HIGH,HEVs
90,HIGH,HEVs
90,HIGH,HEVs
90,HIGH,HEVs
90,HIGH,HEVs
90,HIGH,HEVs
90,HIGH,HEVs
90,HIGH,HEVs
90,HIGH,HEVs
90,HIGH,HEVs
90,HIGH,HEVs
90,HIGH,HEVs
90,HIGH,HEVs
90,HIGH,HEVs
90,HIGH,HEVs
90,HIGH,HEVs
90,HIGH,HEVs
90,HIGH,HEVs
90,HIGH,HEVs
90,HIGH,HEVs
90,HIGH,HEVs
90,HIGH,HEVs
90,HIGH,HEVs
90,HIGH,HEVs
90,HIGH,HEVs
90,HIGH,HEVs
90,HIGH,HEVs
90,HIGH,HEVs
90,HIGH,HEVs
90,HIGH,HEVs
90,HIGH,HEVs
90,HIGH,HEVs
90,HIGH,HEVs
90,HIGH,HEVs
90,HIGH,HEVs
90,HIGH,HEVs
90,HIGH,HEVs
90,HIGH,HEVs
90,HIGH,HEVs
90,HIGH,HEVs
90,HIGH,HEVs
90,HIGH,HEVs
90,HIGH,HEVs
90,HIGH,HEVs
90,HIGH,HEVs
90,HIGH,HEVs
90,HIGH,HEVs
90,HIGH,HEVs
90,HIGH,HEVs
90,HIGH,HEVs
90,HIGH,HEVs
90,HIGH,HEVs
90,HIGH,HEVs
90,HIGH,HEVs
90,HIGH,HEVs
90,HIGH,HEVs
90,HIGH,HEVs
90,HIGH,HEVs
90,HIGH,HEVs
90,HIGH,HEVs
90,HIGH,HEVs
90,HIGH,HEVs
90,HIGH,HEVs
90,HIGH,HEVs
90,HIGH,HEVs
90,HIGH,HEVs
90,HIGH,HEVs
90,HIGH,HEVs
90,HIGH,HEVs
90,HIGH,HEVs
90,HIGH,HEVs
90,HIGH,HEVs
90,HIGH,HEVs
90,HIGH,HEVs
90,HIGH,HEVs
90,HIGH,HEVs
90,HIGH,HEVs
90,HIGH,HEVs
90,HIGH,HEVs
90,HIGH,HEVs
90,HIGH,HEVs
90,HIGH,HEVs
90,HIGH,HEVs
90,HIGH,HEVs
90,HIGH,HEVs
90,HIGH,HEVs
90,HIGH,HEVs
90,HIGH,HEVs
90,HIGH,HEVs
90,HIGH,HEVs
90,HIGH,HEVs
90,HIGH,HEVs
90,HIGH,HEVs
90,HIGH,HEVs
90,HIGH,HEVs
90,HIGH,HEVs
90,HIGH,HEVs
90,HIGH,HEVs
90,HIGH,HEVs
90,HIGH,HEVs
90,HIGH,HEVs
90,HIGH,HEVs
90,HIGH,HEVs
90,HIGH,HEVs
90,HIGH,HEVs
90,HIGH,HEVs
90,HIGH,HEVs
90,HIGH,HEVs
90,HIGH,HEVs
90,HIGH,HEVs
90,HIGH,HEVs
90,HIGH,HEVs
90,HIGH,HEVs
90,HIGH,HEVs
90,HIGH,HEVs
90,HIGH,HEVs
90,HIGH,HEVs
90,HIGH,HEVs
90,HIGH,HEVs
90,HIGH,HEVs
90,HIGH,HEVs
90,HIGH,HEVs
90,HIGH,HEVs
90,HIGH,HEVs
90,HIGH,HEVs
90,HIGH,HEVs
90,HIGH,HEVs
90,HIGH,HEVs
90,HIGH,HEVs
90,HIGH,HEVs
90,HIGH,HEVs
90,HIGH,HEVs
90,HIGH,HEVs
90,HIGH,HEVs
90,HIGH,HEVs
90,HIGH,HEVs
90,HIGH,HEVs
90,HIGH,HEVs
90,HIGH,HEVs
90,HIGH,HEVs
90,HIGH,HEVs
90,HIGH,HEVs
90,HIGH,HEVs
90,HIGH,HEVs
90,HIGH,HEVs
90,HIGH,HEVs
90,HIGH,HEVs
90,HIGH,HEVs
90,HIGH,HEVs
90,HIGH,HEVs
90,HIGH,HEVs
90,HIGH,HEVs
90,HIGH,HEVs
90,HIGH,HEVs
90,HIGH,HEVs
90,HIGH,HEVs
90,HIGH,HEVs
90,HIGH,HEVs
90,HIGH,HEVs
90,HIGH,HEVs
90,HIGH,HEVs
90,HIGH,HEVs
90,HIGH,HEVs
90,HIGH,HEVs
90,HIGH,HEVs
90,HIGH,HEVs
90,HIGH,HEVs
90,HIGH,HEVs
90,HIGH,HEVs
90,HIGH,HEVs
90,HIGH,HEVs
90,HIGH,HEVs
90,HIGH,HEVs
90,HIGH,HEVs
90,HIGH,HEVs
90,HIGH,HEVs
90,HIGH,HEVs
90,HIGH,HEVs
90,HIGH,HEVs
90,HIGH,HEVs
90,HIGH,HEVs
90,HIGH,HEVs
90,HIGH,HEVs
90,HIGH,HEVs
90,HIGH,HEVs
90,HIGH,HEVs
90,HIGH,HEVs
90,HIGH,HEVs
90,HIGH,HEVs
90,HIGH,HEVs
90,HIGH,HEVs
90,HIGH,HEVs
90,HIGH,HEVs
90,HIGH,HEVs
90,HIGH,HEVs
90,HIGH,HEVs
90,HIGH,HEVs
90,HIGH,HEVs
90,HIGH,HEVs
90,HIGH,HEVs
90,HIGH,HEVs
90,HIGH,HEVs
90,HIGH,HEVs
90,HIGH,HEVs
90,HIGH,HEVs
90,HIGH,HEVs
90,HIGH,HEVs
90,HIGH,HEVs
90,HIGH,HEVs
90,HIGH,HEVs
90,HIGH,HEVs
90,HIGH,HEVs
90,HIGH,HEVs
90,HIGH,HEVs
90,HIGH,HEVs
90,HIGH,HEVs
90,HIGH,HEVs
90,HIGH,HEVs
90,HIGH,HEVs
90,HIGH,HEVs
90,HIGH,HEVs
90,HIGH,HEVs
90,HIGH,HEVs
90,HIGH,HEVs
90,HIGH,HEVs
90,HIGH,HEVs
90,HIGH,HEVs
90,HIGH,HEVs
90,HIGH,HEVs
90,HIGH,HEVs
90,HIGH,HEVs
90,HIGH,HEVs
90,HIGH,HEVs
90,HIGH,HEVs
90,HIGH,HEVs
90,HIGH,HEVs
90,HIGH,HEVs
90,HIGH,HEVs
90,HIGH,HEVs
90,HIGH,HEVs
90,HIGH,HEVs
90,HIGH,HEVs
90,HIGH,HEVs
90,HIGH,HEVs
90,HIGH,HEVs
90,HIGH,HEVs
90,HIGH,HEVs
90,HIGH,HEVs
90,HIGH,HEVs
90,HIGH,HEVs
90,HIGH,HEVs
90,HIGH,PHEVs
90,HIGH,PHEVs
90,HIGH,PHEVs
90,HIGH,PHEVs
90,HIGH,PHEVs
90,HIGH,PHEVs
90,HIGH,PHEVs
90,HIGH,PHEVs
90,HIGH,PHEVs
90,HIGH,PHEVs
90,HIGH,PHEVs
90,HIGH,PHEVs
90,HIGH,PHEVs
90,HIGH,PHEVs
90,HIGH,PHEVs
90,HIGH,PHEVs
90,HIGH,PHEVs
90,HIGH,PHEVs
90,HIGH,PHEVs
90,HIGH,PHEVs
90,HIGH,PHEVs
90,HIGH,PHEVs
90,HIGH,PHEVs
90,HIGH,PHEVs
90,HIGH,PHEVs
90,HIGH,PHEVs
90,HIGH,PHEVs
90,HIGH,PHEVs
90,HIGH,PHEVs
90,HIGH,PHEVs
90,HIGH,PHEVs
90,HIGH,PHEVs
90,HIGH,PHEVs
90,HIGH,PHEVs
90,HIGH,PHEVs
90,HIGH,PHEVs
90,HIGH,PHEVs
90,HIGH,PHEVs
90,HIGH,PHEVs
90,HIGH,PHEVs
90,HIGH,PHEVs
90,HIGH,PHEVs
90,HIGH,PHEVs
90,HIGH,PHEVs
90,HIGH,PHEVs
90,HIGH,PHEVs
90,HIGH,PHEVs
90,HIGH,PHEVs
90,HIGH,PHEVs
90,HIGH,PHEVs
90,HIGH,PHEVs
90,HIGH,PHEVs
90,HIGH,PHEVs
90,HIGH,PHEVs
90,HIGH,PHEVs
90,HIGH,PHEVs
90,HIGH,PHEVs
90,HIGH,PHEVs
90,HIGH,PHEVs
90,HIGH,PHEVs
90,HIGH,PHEVs
90,HIGH,PHEVs
90,HIGH,PHEVs
90,HIGH,PHEVs
90,HIGH,PHEVs
90,HIGH,PHEVs
90,HIGH,PHEVs
90,HIGH,PHEVs
90,HIGH,PHEVs
90,HIGH,PHEVs
90,HIGH,PHEVs
90,HIGH,PHEVs
90,HIGH,PHEVs
90,HIGH,PHEVs
90,HIGH,PHEVs
90,HIGH,PHEVs
90,HIGH,PHEVs
90,HIGH,PHEVs
90,HIGH,PHEVs
90,HIGH,PHEVs
90,HIGH,PHEVs
90,HIGH,PHEVs
90,HIGH,PHEVs
90,HIGH,PHEVs
90,HIGH,PHEVs
90,HIGH,PHEVs
90,HIGH,PHEVs
90,HIGH,PHEVs
90,HIGH,PHEVs
90,HIGH,PHEVs
90,HIGH,PHEVs
90,HIGH,PHEVs
90,HIGH,PHEVs
90,HIGH,PHEVs
90,HIGH,PHEVs
90,HIGH,PHEVs
90,HIGH,PHEVs
90,HIGH,PHEVs
90,HIGH,PHEVs
90,HIGH,PHEVs
90,HIGH,PHEVs
90,HIGH,PHEVs
90,HIGH,PHEVs
90,HIGH,PHEVs
90,HIGH,PHEVs
90,HIGH,PHEVs
90,HIGH,PHEVs
90,HIGH,PHEVs
90,HIGH,PHEVs
90,HIGH,PHEVs
90,HIGH,PHEVs
90,HIGH,PHEVs
90,HIGH,PHEVs
90,HIGH,PHEVs
90,HIGH,PHEVs
90,HIGH,PHEVs
90,HIGH,PHEVs
90,HIGH,PHEVs
90,HIGH,PHEVs
90,HIGH,PHEVs
90,HIGH,PHEVs
90,HIGH,PHEVs
90,HIGH,PHEVs
90,HIGH,PHEVs
90,HIGH,PHEVs
90,HIGH,PHEVs
90,HIGH,PHEVs
90,HIGH,PHEVs
90,HIGH,PHEVs
90,HIGH,PHEVs
90,HIGH,PHEVs
90,HIGH,PHEVs
90,HIGH,PHEVs
90,HIGH,PHEVs
90,HIGH,PHEVs
90,HIGH,PHEVs
90,HIGH,PHEVs
90,HIGH,PHEVs
90,HIGH,PHEVs
90,HIGH,PHEVs
90,HIGH,PHEVs
90,HIGH,PHEVs
90,HIGH,PHEVs
90,HIGH,PHEVs
90,HIGH,PHEVs
90,HIGH,PHEVs
90,HIGH,PHEVs
90,HIGH,PHEVs
90,HIGH,PHEVs
90,HIGH,PHEVs
90,HIGH,PHEVs
90,HIGH,PHEVs
90,HIGH,PHEVs
90,HIGH,PHEVs
90,HIGH,PHEVs
90,HIGH,PHEVs
90,HIGH,PHEVs
90,HIGH,PHEVs
90,HIGH,PHEVs
90,HIGH,PHEVs
90,HIGH,PHEVs
90,HIGH,PHEVs
90,HIGH,PHEVs
90,HIGH,PHEVs
90,HIGH,PHEVs
90,HIGH,PHEVs
90,HIGH,PHEVs
90,HIGH,PHEVs
90,HIGH,PHEVs
90,HIGH,PHEVs
90,HIGH,PHEVs
90,HIGH,PHEVs
90,HIGH,PHEVs
90,HIGH,PHEVs
90,HIGH,PHEVs
90,HIGH,PHEVs
90,HIGH,PHEVs
90,HIGH,PHEVs
90,HIGH,PHEVs
90,HIGH,PHEVs
90,HIGH,PHEVs
90,HIGH,PHEVs
90,HIGH,PHEVs
90,HIGH,PHEVs
90,HIGH,PHEVs
90,HIGH,PHEVs
90,HIGH,PHEVs
90,HIGH,PHEVs
90,HIGH,PHEVs
90,HIGH,PHEVs
90,HIGH,PHEVs
90,HIGH,PHEVs
90,HIGH,PHEVs
90,HIGH,PHEVs
90,HIGH,PHEVs
90,HIGH,PHEVs
90,HIGH,PHEVs
90,HIGH,PHEVs
90,HIGH,PHEVs
90,HIGH,PHEVs
90,HIGH,PHEVs
90,HIGH,PHEVs
90,HIGH,PHEVs
90,HIGH,PHEVs
90,HIGH,PHEVs
90,HIGH,PHEVs
90,HIGH,PHEVs
90,HIGH,PHEVs
90,HIGH,PHEVs
90,HIGH,PHEVs
90,HIGH,PHEVs
90,HIGH,PHEVs
90,HIGH,PHEVs
90,HIGH,PHEVs
90,HIGH,PHEVs
90,HIGH,PHEVs
90,HIGH,PHEVs
90,HIGH,PHEVs
90,HIGH,PHEVs
90,LOW,BEVs
90,LOW,BEVs
90,LOW,BEVs
90,LOW,BEVs
90,LOW,BEVs
90,LOW,BEVs
90,LOW,BEVs
90,LOW,BEVs
90,LOW,BEVs
90,LOW,BEVs
90,LOW,BEVs
90,LOW,BEVs
90,LOW,BEVs
90,LOW,BEVs
90,LOW,BEVs
90,LOW,HEVs
90,LOW,HEVs
90,LOW,HEVs
90,LOW,HEVs
90,LOW,HEVs
90,LOW,HEVs
90,LOW,HEVs
90,LOW,HEVs
90,LOW,HEVs
90,LOW,HEVs
90,LOW,HEVs
90,LOW,HEVs
90,LOW,HEVs
90,LOW,HEVs
90,LOW,HEVs
90,LOW,HEVs
90,LOW,HEVs
90,LOW,HEVs
90,LOW,HEVs
90,LOW,HEVs
90,LOW,HEVs
90,LOW,HEVs
90,LOW,HEVs
90,LOW,HEVs
90,LOW,HEVs
90,LOW,HEVs
90,LOW,HEVs
90,LOW,HEVs
90,LOW,HEVs
90,LOW,HEVs
90,LOW,HEVs
90,LOW,HEVs
90,LOW,HEVs
90,LOW,PHEVs
90,LOW,PHEVs
90,LOW,PHEVs
90,LOW,PHEVs
90,LOW,PHEVs
90,LOW,PHEVs
90,LOW,PHEVs
90,LOW,PHEVs
90,LOW,PHEVs
90,LOW,PHEVs
90,LOW,PHEVs
90,LOW,PHEVs
90,LOW,PHEVs
90,LOW,PHEVs
90,LOW,PHEVs
90,LOW,PHEVs
90,LOW,PHEVs
90,LOW,PHEVs
90,LOW,PHEVs
90,LOW,PHEVs
90,LOW,PHEVs
90,LOW,PHEVs
90,LOW,PHEVs
90,MED,BEVs
90,MED,BEVs
90,MED,BEVs
90,MED,BEVs
90,MED,BEVs
90,MED,BEVs
90,MED,BEVs
90,MED,BEVs
90,MED,BEVs
90,MED,BEVs
90,MED,BEVs
90,MED,BEVs
90,MED,BEVs
90,MED,BEVs
90,MED,BEVs
90,MED,BEVs
90,MED,BEVs
90,MED,BEVs
90,MED,BEVs
90,MED,BEVs
90,MED,BEVs
90,MED,BEVs
90,MED,BEVs
90,MED,BEVs
90,MED,BEVs
90,MED,BEVs
90,MED,BEVs
90,MED,BEVs
90,MED,BEVs
90,MED,BEVs
90,MED,BEVs
90,MED,BEVs
90,MED,BEVs
90,MED,BEVs
90,MED,BEVs
90,MED,BEVs
90,MED,BEVs
90,MED,BEVs
90,MED,BEVs
90,MED,BEVs
90,MED,BEVs
90,MED,BEVs
90,MED,BEVs
90,MED,BEVs
90,MED,BEVs
90,MED,BEVs
90,MED,BEVs
90,MED,BEVs
90,MED,BEVs
90,MED,BEVs
90,MED,BEVs
90,MED,BEVs
90,MED,BEVs
90,MED,BEVs
90,MED,CNG's
90,MED,CNG's
90,MED,HEVs
90,MED,HEVs
90,MED,HEVs
90,MED,HEVs
90,MED,HEVs
90,MED,HEVs
90,MED,HEVs
90,MED,HEVs
90,MED,HEVs
90,MED,HEVs
90,MED,HEVs
90,MED,HEVs
90,MED,HEVs
90,MED,HEVs
90,MED,HEVs
90,MED,HEVs
90,MED,HEVs
90,MED,HEVs
90,MED,HEVs
90,MED,HEVs
90,MED,HEVs
90,MED,HEVs
90,MED,HEVs
90,MED,HEVs
90,MED,HEVs
90,MED,HEVs
90,MED,HEVs
90,MED,HEVs
90,MED,HEVs
90,MED,HEVs
90,MED,HEVs
90,MED,HEVs
90,MED,HEVs
90,MED,HEVs
90,MED,HEVs
90,MED,HEVs
90,MED,HEVs
90,MED,HEVs
90,MED,HEVs
90,MED,HEVs
90,MED,HEVs
90,MED,HEVs
90,MED,HEVs
90,MED,HEVs
90,MED,HEVs
90,MED,HEVs
90,MED,HEVs
90,MED,HEVs
90,MED,HEVs
90,MED,HEVs
90,MED,HEVs
90,MED,HEVs
90,MED,HEVs
90,MED,HEVs
90,MED,HEVs
90,MED,HEVs
90,MED,HEVs
90,MED,HEVs
90,MED,HEVs
90,MED,HEVs
90,MED,HEVs
90,MED,HEVs
90,MED,HEVs
90,MED,HEVs
90,MED,HEVs
90,MED,HEVs
90,MED,HEVs
90,MED,HEVs
90,MED,HEVs
90,MED,HEVs
90,MED,HEVs
90,MED,HEVs
90,MED,HEVs
90,MED,HEVs
90,MED,HEVs
90,MED,HEVs
90,MED,HEVs
90,MED,HEVs
90,MED,HEVs
90,MED,HEVs
90,MED,HEVs
90,MED,HEVs
90,MED,HEVs
90,MED,HEVs
90,MED,HEVs
90,MED,HEVs
90,MED,HEVs
90,MED,HEVs
90,MED,HEVs
90,MED,PHEVs
90,MED,PHEVs
90,MED,PHEVs
90,MED,PHEVs
90,MED,PHEVs
90,MED,PHEVs
90,MED,PHEVs
90,MED,PHEVs
90,MED,PHEVs
90,MED,PHEVs
90,MED,PHEVs
90,MED,PHEVs
90,MED,PHEVs
90,MED,PHEVs
90,MED,PHEVs
90,MED,PHEVs
90,MED,PHEVs
90,MED,PHEVs
90,MED,PHEVs
90,MED,PHEVs
90,MED,PHEVs
90,MED,PHEVs
90,MED,PHEVs
90,MED,PHEVs
90,MED,PHEVs
90,MED,PHEVs
90,MED,PHEVs
90,MED,PHEVs
90,MED,PHEVs
90,MED,PHEVs
90,MED,PHEVs
90,MED,PHEVs
90,MED,PHEVs
90,MED,PHEVs
90,MED,PHEVs
90,MED,PHEVs
90,MED,PHEVs
90,MED,PHEVs
90,MED,PHEVs
90,MED,PHEVs
90,MED,PHEVs
90,MED,PHEVs
90,MED,PHEVs
90,MED,PHEVs
90,MED,PHEVs
90,MED,PHEVs
90,MED,PHEVs
90,MED,PHEVs
160,HIGH,BEVs
160,HIGH,BEVs
160,HIGH,BEVs
160,HIGH,BEVs
160,HIGH,BEVs
160,HIGH,BEVs
160,HIGH,BEVs
160,HIGH,BEVs
160,HIGH,BEVs
160,HIGH,BEVs
160,HIGH,BEVs
160,HIGH,BEVs
160,HIGH,BEVs
160,HIGH,BEVs
160,HIGH,BEVs
160,HIGH,BEVs
160,HIGH,BEVs
160,HIGH,BEVs
160,HIGH,BEVs
160,HIGH,BEVs
160,HIGH,BEVs
160,HIGH,BEVs
160,HIGH,BEVs
160,HIGH,BEVs
160,HIGH,BEVs
160,HIGH,BEVs
160,HIGH,BEVs
160,HIGH,BEVs
160,HIGH,BEVs
160,HIGH,BEVs
160,HIGH,BEVs
160,HIGH,BEVs
160,HIGH,BEVs
160,HIGH,BEVs
160,HIGH,BEVs
160,HIGH,BEVs
160,HIGH,BEVs
160,HIGH,BEVs
160,HIGH,BEVs
160,HIGH,BEVs
160,HIGH,BEVs
160,HIGH,BEVs
160,HIGH,BEVs
160,HIGH,BEVs
160,HIGH,BEVs
160,HIGH,BEVs
160,HIGH,BEVs
160,HIGH,BEVs
160,HIGH,BEVs
160,HIGH,BEVs
160,HIGH,BEVs
160,HIGH,BEVs
160,HIGH,BEVs
160,HIGH,BEVs
160,HIGH,BEVs
160,HIGH,BEVs
160,HIGH,BEVs
160,HIGH,BEVs
160,HIGH,BEVs
160,HIGH,BEVs
160,HIGH,BEVs
160,HIGH,BEVs
160,HIGH,BEVs
160,HIGH,BEVs
160,HIGH,BEVs
160,HIGH,BEVs
160,HIGH,BEVs
160,HIGH,BEVs
160,HIGH,BEVs
160,HIGH,BEVs
160,HIGH,BEVs
160,HIGH,BEVs
160,HIGH,BEVs
160,HIGH,BEVs
160,HIGH,BEVs
160,HIGH,BEVs
160,HIGH,BEVs
160,HIGH,BEVs
160,HIGH,BEVs
160,HIGH,BEVs
160,HIGH,BEVs
160,HIGH,BEVs
160,HIGH,BEVs
160,HIGH,BEVs
160,HIGH,BEVs
160,HIGH,BEVs
160,HIGH,BEVs
160,HIGH,BEVs
160,HIGH,BEVs
160,HIGH,BEVs
160,HIGH,BEVs
160,HIGH,BEVs
160,HIGH,BEVs
160,HIGH,BEVs
160,HIGH,BEVs
160,HIGH,BEVs
160,HIGH,BEVs
160,HIGH,BEVs
160,HIGH,BEVs
160,HIGH,BEVs
160,HIGH,BEVs
160,HIGH,BEVs
160,HIGH,BEVs
160,HIGH,BEVs
160,HIGH,BEVs
160,HIGH,BEVs
160,HIGH,BEVs
160,HIGH,BEVs
160,HIGH,BEVs
160,HIGH,BEVs
160,HIGH,BEVs
160,HIGH,BEVs
160,HIGH,BEVs
160,HIGH,BEVs
160,HIGH,BEVs
160,HIGH,BEVs
160,HIGH,BEVs
160,HIGH,BEVs
160,HIGH,BEVs
160,HIGH,BEVs
160,HIGH,BEVs
160,HIGH,BEVs
160,HIGH,BEVs
160,HIGH,BEVs
160,HIGH,BEVs
160,HIGH,BEVs
160,HIGH,BEVs
160,HIGH,BEVs
160,HIGH,BEVs
160,HIGH,BEVs
160,HIGH,BEVs
160,HIGH,BEVs
160,HIGH,BEVs
160,HIGH,BEVs
160,HIGH,BEVs
160,HIGH,BEVs
160,HIGH,BEVs
160,HIGH,BEVs
160,HIGH,BEVs
160,HIGH,BEVs
160,HIGH,BEVs
160,HIGH,BEVs
160,HIGH,BEVs
160,HIGH,BEVs
160,HIGH,BEVs
160,HIGH,BEVs
160,HIGH,BEVs
160,HIGH,BEVs
160,HIGH,BEVs
160,HIGH,BEVs
160,HIGH,BEVs
160,HIGH,BEVs
160,HIGH,BEVs
160,HIGH,BEVs
160,HIGH,BEVs
160,HIGH,BEVs
160,HIGH,BEVs
160,HIGH,BEVs
160,HIGH,BEVs
160,HIGH,BEVs
160,HIGH,BEVs
160,HIGH,BEVs
160,HIGH,BEVs
160,HIGH,BEVs
160,HIGH,BEVs
160,HIGH,BEVs
160,HIGH,BEVs
160,HIGH,BEVs
160,HIGH,BEVs
160,HIGH,BEVs
160,HIGH,BEVs
160,HIGH,BEVs
160,HIGH,BEVs
160,HIGH,BEVs
160,HIGH,BEVs
160,HIGH,BEVs
160,HIGH,BEVs
160,HIGH,BEVs
160,HIGH,BEVs
160,HIGH,BEVs
160,HIGH,BEVs
160,HIGH,BEVs
160,HIGH,BEVs
160,HIGH,BEVs
160,HIGH,BEVs
160,HIGH,BEVs
160,HIGH,BEVs
160,HIGH,BEVs
160,HIGH,BEVs
160,HIGH,BEVs
160,HIGH,BEVs
160,HIGH,BEVs
160,HIGH,BEVs
160,HIGH,BEVs
160,HIGH,BEVs
160,HIGH,BEVs
160,HIGH,BEVs
160,HIGH,BEVs
160,HIGH,BEVs
160,HIGH,BEVs
160,HIGH,BEVs
160,HIGH,BEVs
160,HIGH,BEVs
160,HIGH,BEVs
160,HIGH,BEVs
160,HIGH,BEVs
160,HIGH,BEVs
160,HIGH,BEVs
160,HIGH,BEVs
160,HIGH,BEVs
160,HIGH,BEVs
160,HIGH,BEVs
160,HIGH,BEVs
160,HIGH,BEVs
160,HIGH,BEVs
160,HIGH,BEVs
160,HIGH,BEVs
160,HIGH,BEVs
160,HIGH,BEVs
160,HIGH,BEVs
160,HIGH,BEVs
160,HIGH,BEVs
160,HIGH,BEVs
160,HIGH,BEVs
160,HIGH,BEVs
160,HIGH,BEVs
160,HIGH,BEVs
160,HIGH,BEVs
160,HIGH,CNG's
160,HIGH,CNG's
160,HIGH,CNG's
160,HIGH,CNG's
160,HIGH,HEVs
160,HIGH,HEVs
160,HIGH,HEVs
160,HIGH,HEVs
160,HIGH,HEVs
160,HIGH,HEVs
160,HIGH,HEVs
160,HIGH,HEVs
160,HIGH,HEVs
160,HIGH,HEVs
160,HIGH,HEVs
160,HIGH,HEVs
160,HIGH,HEVs
160,HIGH,HEVs
160,HIGH,HEVs
160,HIGH,HEVs
160,HIGH,HEVs
160,HIGH,HEVs
160,HIGH,HEVs
160,HIGH,HEVs
160,HIGH,HEVs
160,HIGH,HEVs
160,HIGH,HEVs
160,HIGH,HEVs
160,HIGH,HEVs
160,HIGH,HEVs
160,HIGH,HEVs
160,HIGH,HEVs
160,HIGH,HEVs
160,HIGH,HEVs
160,HIGH,HEVs
160,HIGH,HEVs
160,HIGH,HEVs
160,HIGH,HEVs
160,HIGH,HEVs
160,HIGH,HEVs
160,HIGH,HEVs
160,HIGH,HEVs
160,HIGH,HEVs
160,HIGH,HEVs
160,HIGH,HEVs
160,HIGH,HEVs
160,HIGH,HEVs
160,HIGH,HEVs
160,HIGH,HEVs
160,HIGH,HEVs
160,HIGH,HEVs
160,HIGH,HEVs
160,HIGH,HEVs
160,HIGH,HEVs
160,HIGH,HEVs
160,HIGH,HEVs
160,HIGH,HEVs
160,HIGH,HEVs
160,HIGH,HEVs
160,HIGH,HEVs
160,HIGH,HEVs
160,HIGH,HEVs
160,HIGH,HEVs
160,HIGH,HEVs
160,HIGH,HEVs
160,HIGH,HEVs
160,HIGH,HEVs
160,HIGH,HEVs
160,HIGH,HEVs
160,HIGH,HEVs
160,HIGH,HEVs
160,HIGH,HEVs
160,HIGH,HEVs
160,HIGH,HEVs
160,HIGH,HEVs
160,HIGH,HEVs
160,HIGH,HEVs
160,HIGH,HEVs
160,HIGH,HEVs
160,HIGH,HEVs
160,HIGH,HEVs
160,HIGH,HEVs
160,HIGH,HEVs
160,HIGH,HEVs
160,HIGH,HEVs
160,HIGH,HEVs
160,HIGH,HEVs
160,HIGH,HEVs
160,HIGH,HEVs
160,HIGH,HEVs
160,HIGH,HEVs
160,HIGH,HEVs
160,HIGH,HEVs
160,HIGH,HEVs
160,HIGH,HEVs
160,HIGH,HEVs
160,HIGH,HEVs
160,HIGH,HEVs
160,HIGH,HEVs
160,HIGH,HEVs
160,HIGH,HEVs
160,HIGH,HEVs
160,HIGH,HEVs
160,HIGH,HEVs
160,HIGH,HEVs
160,HIGH,HEVs
160,HIGH,HEVs
160,HIGH,HEVs
160,HIGH,HEVs
160,HIGH,HEVs
160,HIGH,HEVs
160,HIGH,HEVs
160,HIGH,HEVs
160,HIGH,HEVs
160,HIGH,HEVs
160,HIGH,HEVs
160,HIGH,HEVs
160,HIGH,HEVs
160,HIGH,HEVs
160,HIGH,HEVs
160,HIGH,HEVs
160,HIGH,HEVs
160,HIGH,HEVs
160,HIGH,HEVs
160,HIGH,HEVs
160,HIGH,HEVs
160,HIGH,HEVs
160,HIGH,HEVs
160,HIGH,HEVs
160,HIGH,HEVs
160,HIGH,HEVs
160,HIGH,HEVs
160,HIGH,HEVs
160,HIGH,HEVs
160,HIGH,HEVs
160,HIGH,HEVs
160,HIGH,HEVs
160,HIGH,HEVs
160,HIGH,HEVs
160,HIGH,HEVs
160,HIGH,HEVs
160,HIGH,HEVs
160,HIGH,HEVs
160,HIGH,HEVs
160,HIGH,HEVs
160,HIGH,HEVs
160,HIGH,HEVs
160,HIGH,HEVs
160,HIGH,HEVs
160,HIGH,HEVs
160,HIGH,HEVs
160,HIGH,HEVs
160,HIGH,HEVs
160,HIGH,HEVs
160,HIGH,HEVs
160,HIGH,HEVs
160,HIGH,HEVs
160,HIGH,HEVs
160,HIGH,HEVs
160,HIGH,HEVs
160,HIGH,HEVs
160,HIGH,HEVs
160,HIGH,HEVs
160,HIGH,HEVs
160,HIGH,HEVs
160,HIGH,HEVs
160,HIGH,HEVs
160,HIGH,HEVs
160,HIGH,HEVs
160,HIGH,HEVs
160,HIGH,HEVs
160,HIGH,HEVs
160,HIGH,HEVs
160,HIGH,HEVs
160,HIGH,HEVs
160,HIGH,HEVs
160,HIGH,HEVs
160,HIGH,HEVs
160,HIGH,HEVs
160,HIGH,HEVs
160,HIGH,HEVs
160,HIGH,HEVs
160,HIGH,HEVs
160,HIGH,HEVs
160,HIGH,HEVs
160,HIGH,HEVs
160,HIGH,HEVs
160,HIGH,HEVs
160,HIGH,HEVs
160,HIGH,HEVs
160,HIGH,HEVs
160,HIGH,HEVs
160,HIGH,HEVs
160,HIGH,HEVs
160,HIGH,HEVs
160,HIGH,HEVs
160,HIGH,HEVs
160,HIGH,HEVs
160,HIGH,HEVs
160,HIGH,HEVs
160,HIGH,HEVs
160,HIGH,HEVs
160,HIGH,HEVs
160,HIGH,HEVs
160,HIGH,HEVs
160,HIGH,HEVs
160,HIGH,HEVs
160,HIGH,HEVs
160,HIGH,HEVs
160,HIGH,HEVs
160,HIGH,HEVs
160,HIGH,HEVs
160,HIGH,HEVs
160,HIGH,HEVs
160,HIGH,HEVs
160,HIGH,HEVs
160,HIGH,HEVs
160,HIGH,HEVs
160,HIGH,HEVs
160,HIGH,HEVs
160,HIGH,HEVs
160,HIGH,HEVs
160,HIGH,HEVs
160,HIGH,HEVs
160,HIGH,HEVs
160,HIGH,HEVs
160,HIGH,HEVs
160,HIGH,HEVs
160,HIGH,HEVs
160,HIGH,HEVs
160,HIGH,HEVs
160,HIGH,HEVs
160,HIGH,HEVs
160,HIGH,HEVs
160,HIGH,HEVs
160,HIGH,HEVs
160,HIGH,HEVs
160,HIGH,HEVs
160,HIGH,HEVs
160,HIGH,HEVs
160,HIGH,HEVs
160,HIGH,HEVs
160,HIGH,HEVs
160,HIGH,HEVs
160,HIGH,HEVs
160,HIGH,HEVs
160,HIGH,HEVs
160,HIGH,HEVs
160,HIGH,HEVs
160,HIGH,HEVs
160,HIGH,HEVs
160,HIGH,HEVs
160,HIGH,HEVs
160,HIGH,HEVs
160,HIGH,HEVs
160,HIGH,HEVs
160,HIGH,HEVs
160,HIGH,HEVs
160,HIGH,HEVs
160,HIGH,HEVs
160,HIGH,HEVs
160,HIGH,HEVs
160,HIGH,HEVs
160,HIGH,HEVs
160,HIGH,HEVs
160,HIGH,HEVs
160,HIGH,HEVs
160,HIGH,HEVs
160,HIGH,HEVs
160,HIGH,HEVs
160,HIGH,HEVs
160,HIGH,HEVs
160,HIGH,HEVs
160,HIGH,HEVs
160,HIGH,HEVs
160,HIGH,HEVs
160,HIGH,HEVs
160,HIGH,HEVs
160,HIGH,HEVs
160,HIGH,HEVs
160,HIGH,HEVs
160,HIGH,HEVs
160,HIGH,HEVs
160,HIGH,HEVs
160,HIGH,HEVs
160,HIGH,HEVs
160,HIGH,HEVs
160,HIGH,HEVs
160,HIGH,HEVs
160,HIGH,HEVs
160,HIGH,HEVs
160,HIGH,HEVs
160,HIGH,HEVs
160,HIGH,HEVs
160,HIGH,HEVs
160,HIGH,HEVs
160,HIGH,HEVs
160,HIGH,HEVs
160,HIGH,HEVs
160,HIGH,HEVs
160,HIGH,HEVs
160,HIGH,HEVs
160,HIGH,HEVs
160,HIGH,HEVs
160,HIGH,HEVs
160,HIGH,HEVs
160,HIGH,HEVs
160,HIGH,HEVs
160,HIGH,HEVs
160,HIGH,HEVs
160,HIGH,HEVs
160,HIGH,HEVs
160,HIGH,HEVs
160,HIGH,HEVs
160,HIGH,HEVs
160,HIGH,HEVs
160,HIGH,HEVs
160,HIGH,HEVs
160,HIGH,HEVs
160,HIGH,HEVs
160,HIGH,HEVs
160,HIGH,HEVs
160,HIGH,HEVs
160,HIGH,HEVs
160,HIGH,HEVs
160,HIGH,HEVs
160,HIGH,HEVs
160,HIGH,HEVs
160,HIGH,HEVs
160,HIGH,HEVs
160,HIGH,HEVs
160,HIGH,HEVs
160,HIGH,HEVs
160,HIGH,HEVs
160,HIGH,HEVs
160,HIGH,HEVs
160,HIGH,HEVs
160,HIGH,HEVs
160,HIGH,HEVs
160,HIGH,HEVs
160,HIGH,HEVs
160,HIGH,HEVs
160,HIGH,HEVs
160,HIGH,HEVs
160,HIGH,HEVs
160,HIGH,HEVs
160,HIGH,HEVs
160,HIGH,HEVs
160,HIGH,HEVs
160,HIGH,HEVs
160,HIGH,HEVs
160,HIGH,HEVs
160,HIGH,HEVs
160,HIGH,HEVs
160,HIGH,HEVs
160,HIGH,HEVs
160,HIGH,HEVs
160,HIGH,HEVs
160,HIGH,HEVs
160,HIGH,HEVs
160,HIGH,HEVs
160,HIGH,HEVs
160,HIGH,HEVs
160,HIGH,HEVs
160,HIGH,HEVs
160,HIGH,HEVs
160,HIGH,HEVs
160,HIGH,HEVs
160,HIGH,HEVs
160,HIGH,HEVs
160,HIGH,HEVs
160,HIGH,HEVs
160,HIGH,HEVs
160,HIGH,PHEVs
160,HIGH,PHEVs
160,HIGH,PHEVs
160,HIGH,PHEVs
160,HIGH,PHEVs
160,HIGH,PHEVs
160,HIGH,PHEVs
160,HIGH,PHEVs
160,HIGH,PHEVs
160,HIGH,PHEVs
160,HIGH,PHEVs
160,HIGH,PHEVs
160,HIGH,PHEVs
160,HIGH,PHEVs
160,HIGH,PHEVs
160,HIGH,PHEVs
160,HIGH,PHEVs
160,HIGH,PHEVs
160,HIGH,PHEVs
160,HIGH,PHEVs
160,HIGH,PHEVs
160,HIGH,PHEVs
160,HIGH,PHEVs
160,HIGH,PHEVs
160,HIGH,PHEVs
160,HIGH,PHEVs
160,HIGH,PHEVs
160,HIGH,PHEVs
160,HIGH,PHEVs
160,HIGH,PHEVs
160,HIGH,PHEVs
160,HIGH,PHEVs
160,HIGH,PHEVs
160,HIGH,PHEVs
160,HIGH,PHEVs
160,HIGH,PHEVs
160,HIGH,PHEVs
160,HIGH,PHEVs
160,HIGH,PHEVs
160,HIGH,PHEVs
160,HIGH,PHEVs
160,HIGH,PHEVs
160,HIGH,PHEVs
160,HIGH,PHEVs
160,HIGH,PHEVs
160,HIGH,PHEVs
160,HIGH,PHEVs
160,HIGH,PHEVs
160,HIGH,PHEVs
160,HIGH,PHEVs
160,HIGH,PHEVs
160,HIGH,PHEVs
160,HIGH,PHEVs
160,HIGH,PHEVs
160,HIGH,PHEVs
160,HIGH,PHEVs
160,HIGH,PHEVs
160,HIGH,PHEVs
160,HIGH,PHEVs
160,HIGH,PHEVs
160,HIGH,PHEVs
160,HIGH,PHEVs
160,HIGH,PHEVs
160,HIGH,PHEVs
160,HIGH,PHEVs
160,HIGH,PHEVs
160,HIGH,PHEVs
160,HIGH,PHEVs
160,HIGH,PHEVs
160,HIGH,PHEVs
160,HIGH,PHEVs
160,HIGH,PHEVs
160,HIGH,PHEVs
160,HIGH,PHEVs
160,HIGH,PHEVs
160,HIGH,PHEVs
160,HIGH,PHEVs
160,HIGH,PHEVs
160,HIGH,PHEVs
160,HIGH,PHEVs
160,HIGH,PHEVs
160,HIGH,PHEVs
160,HIGH,PHEVs
160,HIGH,PHEVs
160,HIGH,PHEVs
160,HIGH,PHEVs
160,HIGH,PHEVs
160,HIGH,PHEVs
160,HIGH,PHEVs
160,HIGH,PHEVs
160,HIGH,PHEVs
160,HIGH,PHEVs
160,HIGH,PHEVs
160,HIGH,PHEVs
160,HIGH,PHEVs
160,HIGH,PHEVs
160,HIGH,PHEVs
160,HIGH,PHEVs
160,HIGH,PHEVs
160,HIGH,PHEVs
160,HIGH,PHEVs
160,HIGH,PHEVs
160,HIGH,PHEVs
160,HIGH,PHEVs
160,HIGH,PHEVs
160,HIGH,PHEVs
160,HIGH,PHEVs
160,HIGH,PHEVs
160,HIGH,PHEVs
160,HIGH,PHEVs
160,HIGH,PHEVs
160,HIGH,PHEVs
160,HIGH,PHEVs
160,HIGH,PHEVs
160,HIGH,PHEVs
160,HIGH,PHEVs
160,HIGH,PHEVs
160,HIGH,PHEVs
160,HIGH,PHEVs
160,HIGH,PHEVs
160,HIGH,PHEVs
160,HIGH,PHEVs
160,HIGH,PHEVs
160,HIGH,PHEVs
160,HIGH,PHEVs
160,HIGH,PHEVs
160,HIGH,PHEVs
160,HIGH,PHEVs
160,HIGH,PHEVs
160,HIGH,PHEVs
160,HIGH,PHEVs
160,HIGH,PHEVs
160,HIGH,PHEVs
160,HIGH,PHEVs
160,HIGH,PHEVs
160,HIGH,PHEVs
160,HIGH,PHEVs
160,HIGH,PHEVs
160,HIGH,PHEVs
160,HIGH,PHEVs
160,HIGH,PHEVs
160,HIGH,PHEVs
160,HIGH,PHEVs
160,HIGH,PHEVs
160,HIGH,PHEVs
160,HIGH,PHEVs
160,HIGH,PHEVs
160,HIGH,PHEVs
160,HIGH,PHEVs
160,HIGH,PHEVs
160,HIGH,PHEVs
160,HIGH,PHEVs
160,HIGH,PHEVs
160,HIGH,PHEVs
160,HIGH,PHEVs
160,HIGH,PHEVs
160,HIGH,PHEVs
160,HIGH,PHEVs
160,HIGH,PHEVs
160,HIGH,PHEVs
160,HIGH,PHEVs
160,HIGH,PHEVs
160,HIGH,PHEVs
160,HIGH,PHEVs
160,HIGH,PHEVs
160,HIGH,PHEVs
160,HIGH,PHEVs
160,HIGH,PHEVs
160,HIGH,PHEVs
160,HIGH,PHEVs
160,HIGH,PHEVs
160,HIGH,PHEVs
160,HIGH,PHEVs
160,HIGH,PHEVs
160,HIGH,PHEVs
160,HIGH,PHEVs
160,HIGH,PHEVs
160,HIGH,PHEVs
160,HIGH,PHEVs
160,HIGH,PHEVs
160,HIGH,PHEVs
160,HIGH,PHEVs
160,HIGH,PHEVs
160,HIGH,PHEVs
160,HIGH,PHEVs
160,HIGH,PHEVs
160,HIGH,PHEVs
160,LOW,BEVs
160,LOW,BEVs
160,LOW,BEVs
160,LOW,BEVs
160,LOW,BEVs
160,LOW,BEVs
160,LOW,BEVs
160,LOW,BEVs
160,LOW,BEVs
160,LOW,BEVs
160,LOW,BEVs
160,LOW,BEVs
160,LOW,BEVs
160,LOW,BEVs
160,LOW,BEVs
160,LOW,BEVs
160,LOW,BEVs
160,LOW,BEVs
160,LOW,BEVs
160,LOW,BEVs
160,LOW,HEVs
160,LOW,HEVs
160,LOW,HEVs
160,LOW,HEVs
160,LOW,HEVs
160,LOW,HEVs
160,LOW,HEVs
160,LOW,HEVs
160,LOW,HEVs
160,LOW,HEVs
160,LOW,HEVs
160,LOW,HEVs
160,LOW,HEVs
160,LOW,HEVs
160,LOW,HEVs
160,LOW,HEVs
160,LOW,HEVs
160,LOW,HEVs
160,LOW,HEVs
160,LOW,HEVs
160,LOW,HEVs
160,LOW,HEVs
160,LOW,HEVs
160,LOW,HEVs
160,LOW,HEVs
160,LOW,PHEVs
160,LOW,PHEVs
160,LOW,PHEVs
160,LOW,PHEVs
160,LOW,PHEVs
160,LOW,PHEVs
160,LOW,PHEVs
160,LOW,PHEVs
160,LOW,PHEVs
160,LOW,PHEVs
160,LOW,PHEVs
160,LOW,PHEVs
160,LOW,PHEVs
160,LOW,PHEVs
160,LOW,PHEVs
160,LOW,PHEVs
160,LOW,PHEVs
160,LOW,PHEVs
160,MED,BEVs
160,MED,BEVs
160,MED,BEVs
160,MED,BEVs
160,MED,BEVs
160,MED,BEVs
160,MED,BEVs
160,MED,BEVs
160,MED,BEVs
160,MED,BEVs
160,MED,BEVs
160,MED,BEVs
160,MED,BEVs
160,MED,BEVs
160,MED,BEVs
160,MED,BEVs
160,MED,BEVs
160,MED,BEVs
160,MED,BEVs
160,MED,BEVs
160,MED,BEVs
160,MED,BEVs
160,MED,BEVs
160,MED,BEVs
160,MED,BEVs
160,MED,BEVs
160,MED,BEVs
160,MED,BEVs
160,MED,BEVs
160,MED,BEVs
160,MED,BEVs
160,MED,BEVs
160,MED,BEVs
160,MED,BEVs
160,MED,BEVs
160,MED,BEVs
160,MED,BEVs
160,MED,BEVs
160,MED,BEVs
160,MED,BEVs
160,MED,BEVs
160,MED,HEVs
160,MED,HEVs
160,MED,HEVs
160,MED,HEVs
160,MED,HEVs
160,MED,HEVs
160,MED,HEVs
160,MED,HEVs
160,MED,HEVs
160,MED,HEVs
160,MED,HEVs
160,MED,HEVs
160,MED,HEVs
160,MED,HEVs
160,MED,HEVs
160,MED,HEVs
160,MED,HEVs
160,MED,HEVs
160,MED,HEVs
160,MED,HEVs
160,MED,HEVs
160,MED,HEVs
160,MED,HEVs
160,MED,HEVs
160,MED,HEVs
160,MED,HEVs
160,MED,HEVs
160,MED,HEVs
160,MED,HEVs
160,MED,HEVs
160,MED,HEVs
160,MED,HEVs
160,MED,HEVs
160,MED,HEVs
160,MED,HEVs
160,MED,HEVs
160,MED,HEVs
160,MED,HEVs
160,MED,HEVs
160,MED,HEVs
160,MED,HEVs
160,MED,HEVs
160,MED,HEVs
160,MED,HEVs
160,MED,HEVs
160,MED,HEVs
160,MED,HEVs
160,MED,HEVs
160,MED,HEVs
160,MED,HEVs
160,MED,HEVs
160,MED,HEVs
160,MED,HEVs
160,MED,HEVs
160,MED,HEVs
160,MED,HEVs
160,MED,HEVs
160,MED,HEVs
160,MED,HEVs
160,MED,HEVs
160,MED,HEVs
160,MED,HEVs
160,MED,HEVs
160,MED,HEVs
160,MED,HEVs
160,MED,HEVs
160,MED,HEVs
160,MED,HEVs
160,MED,HEVs
160,MED,HEVs
160,MED,HEVs
160,MED,HEVs
160,MED,HEVs
160,MED,HEVs
160,MED,HEVs
160,MED,HEVs
160,MED,HEVs
160,MED,HEVs
160,MED,HEVs
160,MED,HEVs
160,MED,HEVs
160,MED,HEVs
160,MED,HEVs
160,MED,HEVs
160,MED,HEVs
160,MED,HEVs
160,MED,HEVs
160,MED,HEVs
160,MED,HEVs
160,MED,HEVs
160,MED,HEVs
160,MED,HEVs
160,MED,PHEVs
160,MED,PHEVs
160,MED,PHEVs
160,MED,PHEVs
160,MED,PHEVs
160,MED,PHEVs
160,MED,PHEVs
160,MED,PHEVs
160,MED,PHEVs
160,MED,PHEVs
160,MED,PHEVs
160,MED,PHEVs
160,MED,PHEVs
160,MED,PHEVs
160,MED,PHEVs
160,MED,PHEVs
160,MED,PHEVs
160,MED,PHEVs
160,MED,PHEVs
160,MED,PHEVs
160,MED,PHEVs
160,MED,PHEVs
160,MED,PHEVs
160,MED,PHEVs
160,MED,PHEVs
160,MED,PHEVs
160,MED,PHEVs
160,MED,PHEVs
160,MED,PHEVs
160,MED,PHEVs
160,MED,PHEVs
160,MED,PHEVs
160,MED,PHEVs
160,MED,PHEVs
160,MED,PHEVs
160,MED,PHEVs
160,MED,PHEVs
160,MED,PHEVs
160,MED,PHEVs
160,MED,PHEVs
160,MED,PHEVs
160,MED,PHEVs
160,MED,PHEVs
160,MED,PHEVs
160,MED,PHEVs
160,MED,PHEVs
160,MED,PHEVs
160,MED,PHEVs
160,MED,PHEVs
160,MED,PHEVs
160,MED,PHEVs
160,MED,PHEVs
160,MED,PHEVs
160,MED,PHEVs
200,HIGH,BEVs
200,HIGH,BEVs
200,HIGH,BEVs
200,HIGH,BEVs
200,HIGH,BEVs
200,HIGH,BEVs
200,HIGH,BEVs
200,HIGH,BEVs
200,HIGH,BEVs
200,HIGH,BEVs
200,HIGH,BEVs
200,HIGH,BEVs
200,HIGH,BEVs
200,HIGH,BEVs
200,HIGH,BEVs
200,HIGH,BEVs
200,HIGH,BEVs
200,HIGH,BEVs
200,HIGH,BEVs
200,HIGH,BEVs
200,HIGH,BEVs
200,HIGH,BEVs
200,HIGH,BEVs
200,HIGH,BEVs
200,HIGH,BEVs
200,HIGH,BEVs
200,HIGH,BEVs
200,HIGH,BEVs
200,HIGH,BEVs
200,HIGH,BEVs
200,HIGH,BEVs
200,HIGH,BEVs
200,HIGH,BEVs
200,HIGH,BEVs
200,HIGH,BEVs
200,HIGH,BEVs
200,HIGH,BEVs
200,HIGH,BEVs
200,HIGH,BEVs
200,HIGH,BEVs
200,HIGH,BEVs
200,HIGH,BEVs
200,HIGH,BEVs
200,HIGH,BEVs
200,HIGH,BEVs
200,HIGH,BEVs
200,HIGH,BEVs
200,HIGH,BEVs
200,HIGH,BEVs
200,HIGH,BEVs
200,HIGH,BEVs
200,HIGH,BEVs
200,HIGH,BEVs
200,HIGH,BEVs
200,HIGH,BEVs
200,HIGH,BEVs
200,HIGH,BEVs
200,HIGH,BEVs
200,HIGH,BEVs
200,HIGH,BEVs
200,HIGH,BEVs
200,HIGH,BEVs
200,HIGH,BEVs
200,HIGH,BEVs
200,HIGH,BEVs
200,HIGH,BEVs
200,HIGH,BEVs
200,HIGH,BEVs
200,HIGH,BEVs
200,HIGH,BEVs
200,HIGH,BEVs
200,HIGH,BEVs
200,HIGH,BEVs
200,HIGH,BEVs
200,HIGH,BEVs
200,HIGH,BEVs
200,HIGH,BEVs
200,HIGH,BEVs
200,HIGH,BEVs
200,HIGH,BEVs
200,HIGH,BEVs
200,HIGH,BEVs
200,HIGH,BEVs
200,HIGH,BEVs
200,HIGH,BEVs
200,HIGH,BEVs
200,HIGH,BEVs
200,HIGH,BEVs
200,HIGH,BEVs
200,HIGH,BEVs
200,HIGH,BEVs
200,HIGH,BEVs
200,HIGH,BEVs
200,HIGH,BEVs
200,HIGH,BEVs
200,HIGH,BEVs
200,HIGH,BEVs
200,HIGH,BEVs
200,HIGH,BEVs
200,HIGH,BEVs
200,HIGH,BEVs
200,HIGH,BEVs
200,HIGH,BEVs
200,HIGH,BEVs
200,HIGH,BEVs
200,HIGH,BEVs
200,HIGH,BEVs
200,HIGH,BEVs
200,HIGH,BEVs
200,HIGH,BEVs
200,HIGH,BEVs
200,HIGH,BEVs
200,HIGH,BEVs
200,HIGH,BEVs
200,HIGH,BEVs
200,HIGH,BEVs
200,HIGH,BEVs
200,HIGH,BEVs
200,HIGH,BEVs
200,HIGH,BEVs
200,HIGH,BEVs
200,HIGH,BEVs
200,HIGH,BEVs
200,HIGH,BEVs
200,HIGH,BEVs
200,HIGH,BEVs
200,HIGH,BEVs
200,HIGH,BEVs
200,HIGH,BEVs
200,HIGH,BEVs
200,HIGH,BEVs
200,HIGH,BEVs
200,HIGH,BEVs
200,HIGH,BEVs
200,HIGH,BEVs
200,HIGH,BEVs
200,HIGH,BEVs
200,HIGH,BEVs
200,HIGH,BEVs
200,HIGH,BEVs
200,HIGH,BEVs
200,HIGH,BEVs
200,HIGH,BEVs
200,HIGH,BEVs
200,HIGH,BEVs
200,HIGH,BEVs
200,HIGH,BEVs
200,HIGH,BEVs
200,HIGH,BEVs
200,HIGH,BEVs
200,HIGH,BEVs
200,HIGH,BEVs
200,HIGH,BEVs
200,HIGH,BEVs
200,HIGH,BEVs
200,HIGH,BEVs
200,HIGH,BEVs
200,HIGH,BEVs
200,HIGH,BEVs
200,HIGH,BEVs
200,HIGH,BEVs
200,HIGH,BEVs
200,HIGH,BEVs
200,HIGH,BEVs
200,HIGH,BEVs
200,HIGH,BEVs
200,HIGH,BEVs
200,HIGH,BEVs
200,HIGH,BEVs
200,HIGH,BEVs
200,HIGH,BEVs
200,HIGH,BEVs
200,HIGH,BEVs
200,HIGH,BEVs
200,HIGH,BEVs
200,HIGH,BEVs
200,HIGH,BEVs
200,HIGH,BEVs
200,HIGH,BEVs
200,HIGH,BEVs
200,HIGH,BEVs
200,HIGH,BEVs
200,HIGH,BEVs
200,HIGH,BEVs
200,HIGH,BEVs
200,HIGH,BEVs
200,HIGH,BEVs
200,HIGH,BEVs
200,HIGH,BEVs
200,HIGH,BEVs
200,HIGH,BEVs
200,HIGH,BEVs
200,HIGH,BEVs
200,HIGH,BEVs
200,HIGH,BEVs
200,HIGH,BEVs
200,HIGH,BEVs
200,HIGH,BEVs
200,HIGH,BEVs
200,HIGH,BEVs
200,HIGH,BEVs
200,HIGH,BEVs
200,HIGH,BEVs
200,HIGH,BEVs
200,HIGH,BEVs
200,HIGH,BEVs
200,HIGH,BEVs
200,HIGH,BEVs
200,HIGH,BEVs
200,HIGH,BEVs
200,HIGH,BEVs
200,HIGH,BEVs
200,HIGH,BEVs
200,HIGH,BEVs
200,HIGH,BEVs
200,HIGH,BEVs
200,HIGH,BEVs
200,HIGH,BEVs
200,HIGH,BEVs
200,HIGH,BEVs
200,HIGH,BEVs
200,HIGH,BEVs
200,HIGH,BEVs
200,HIGH,BEVs
200,HIGH,BEVs
200,HIGH,BEVs
200,HIGH,BEVs
200,HIGH,BEVs
200,HIGH,BEVs
200,HIGH,BEVs
200,HIGH,BEVs
200,HIGH,BEVs
200,HIGH,BEVs
200,HIGH,BEVs
200,HIGH,BEVs
200,HIGH,BEVs
200,HIGH,BEVs
200,HIGH,BEVs
200,HIGH,BEVs
200,HIGH,BEVs
200,HIGH,BEVs
200,HIGH,BEVs
200,HIGH,BEVs
200,HIGH,BEVs
200,HIGH,BEVs
200,HIGH,BEVs
200,HIGH,BEVs
200,HIGH,BEVs
200,HIGH,BEVs
200,HIGH,BEVs
200,HIGH,BEVs
200,HIGH,BEVs
200,HIGH,BEVs
200,HIGH,BEVs
200,HIGH,BEVs
200,HIGH,BEVs
200,HIGH,BEVs
200,HIGH,BEVs
200,HIGH,BEVs
200,HIGH,BEVs
200,HIGH,BEVs
200,HIGH,BEVs
200,HIGH,BEVs
200,HIGH,BEVs
200,HIGH,BEVs
200,HIGH,BEVs
200,HIGH,BEVs
200,HIGH,BEVs
200,HIGH,BEVs
200,HIGH,BEVs
200,HIGH,BEVs
200,HIGH,BEVs
200,HIGH,BEVs
200,HIGH,BEVs
200,HIGH,BEVs
200,HIGH,BEVs
200,HIGH,BEVs
200,HIGH,BEVs
200,HIGH,BEVs
200,HIGH,BEVs
200,HIGH,BEVs
200,HIGH,BEVs
200,HIGH,BEVs
200,HIGH,BEVs
200,HIGH,BEVs
200,HIGH,BEVs
200,HIGH,BEVs
200,HIGH,BEVs
200,HIGH,BEVs
200,HIGH,BEVs
200,HIGH,BEVs
200,HIGH,BEVs
200,HIGH,BEVs
200,HIGH,BEVs
200,HIGH,BEVs
200,HIGH,BEVs
200,HIGH,BEVs
200,HIGH,BEVs
200,HIGH,BEVs
200,HIGH,BEVs
200,HIGH,BEVs
200,HIGH,BEVs
200,HIGH,BEVs
200,HIGH,BEVs
200,HIGH,BEVs
200,HIGH,BEVs
200,HIGH,BEVs
200,HIGH,BEVs
200,HIGH,BEVs
200,HIGH,BEVs
200,HIGH,BEVs
200,HIGH,BEVs
200,HIGH,BEVs
200,HIGH,BEVs
200,HIGH,BEVs
200,HIGH,BEVs
200,HIGH,BEVs
200,HIGH,BEVs
200,HIGH,BEVs
200,HIGH,BEVs
200,HIGH,BEVs
200,HIGH,BEVs
200,HIGH,BEVs
200,HIGH,BEVs
200,HIGH,BEVs
200,HIGH,BEVs
200,HIGH,BEVs
200,HIGH,BEVs
200,HIGH,BEVs
200,HIGH,BEVs
200,HIGH,BEVs
200,HIGH,BEVs
200,HIGH,BEVs
200,HIGH,BEVs
200,HIGH,BEVs
200,HIGH,BEVs
200,HIGH,BEVs
200,HIGH,BEVs
200,HIGH,BEVs
200,HIGH,BEVs
200,HIGH,BEVs
200,HIGH,BEVs
200,HIGH,BEVs
200,HIGH,BEVs
200,HIGH,BEVs
200,HIGH,BEVs
200,HIGH,BEVs
200,HIGH,BEVs
200,HIGH,BEVs
200,HIGH,BEVs
200,HIGH,BEVs
200,HIGH,BEVs
200,HIGH,BEVs
200,HIGH,BEVs
200,HIGH,BEVs
200,HIGH,BEVs
200,HIGH,BEVs
200,HIGH,BEVs
200,HIGH,BEVs
200,HIGH,BEVs
200,HIGH,BEVs
200,HIGH,BEVs
200,HIGH,BEVs
200,HIGH,BEVs
200,HIGH,BEVs
200,HIGH,BEVs
200,HIGH,BEVs
200,HIGH,BEVs
200,HIGH,BEVs
200,HIGH,BEVs
200,HIGH,BEVs
200,HIGH,BEVs
200,HIGH,BEVs
200,HIGH,BEVs
200,HIGH,BEVs
200,HIGH,BEVs
200,HIGH,BEVs
200,HIGH,BEVs
200,HIGH,BEVs
200,HIGH,BEVs
200,HIGH,BEVs
200,HIGH,BEVs
200,HIGH,BEVs
200,HIGH,BEVs
200,HIGH,BEVs
200,HIGH,BEVs
200,HIGH,BEVs
200,HIGH,BEVs
200,HIGH,BEVs
200,HIGH,BEVs
200,HIGH,BEVs
200,HIGH,BEVs
200,HIGH,BEVs
200,HIGH,BEVs
200,HIGH,BEVs
200,HIGH,BEVs
200,HIGH,BEVs
200,HIGH,BEVs
200,HIGH,BEVs
200,HIGH,BEVs
200,HIGH,BEVs
200,HIGH,BEVs
200,HIGH,BEVs
200,HIGH,BEVs
200,HIGH,BEVs
200,HIGH,BEVs
200,HIGH,BEVs
200,HIGH,BEVs
200,HIGH,BEVs
200,HIGH,BEVs
200,HIGH,BEVs
200,HIGH,BEVs
200,HIGH,BEVs
200,HIGH,BEVs
200,HIGH,BEVs
200,HIGH,BEVs
200,HIGH,BEVs
200,HIGH,BEVs
200,HIGH,BEVs
200,HIGH,BEVs
200,HIGH,BEVs
200,HIGH,BEVs
200,HIGH,BEVs
200,HIGH,BEVs
200,HIGH,BEVs
200,HIGH,BEVs
200,HIGH,BEVs
200,HIGH,BEVs
200,HIGH,BEVs
200,HIGH,BEVs
200,HIGH,BEVs
200,HIGH,BEVs
200,HIGH,BEVs
200,HIGH,BEVs
200,HIGH,BEVs
200,HIGH,BEVs
200,HIGH,BEVs
200,HIGH,BEVs
200,HIGH,BEVs
200,HIGH,BEVs
200,HIGH,BEVs
200,HIGH,BEVs
200,HIGH,BEVs
200,HIGH,BEVs
200,HIGH,BEVs
200,HIGH,BEVs
200,HIGH,BEVs
200,HIGH,BEVs
200,HIGH,BEVs
200,HIGH,BEVs
200,HIGH,BEVs
200,HIGH,BEVs
200,HIGH,BEVs
200,HIGH,BEVs
200,HIGH,BEVs
200,HIGH,BEVs
200,HIGH,BEVs
200,HIGH,BEVs
200,HIGH,BEVs
200,HIGH,BEVs
200,HIGH,CNG's
200,HIGH,CNG's
200,HIGH,CNG's
200,HIGH,CNG's
200,HIGH,CNG's
200,HIGH,CNG's
200,HIGH,CNG's
200,HIGH,CNG's
200,HIGH,CNG's
200,HIGH,CNG's
200,HIGH,CNG's
200,HIGH,CNG's
200,HIGH,CNG's
200,HIGH,CNG's
200,HIGH,HEVs
200,HIGH,HEVs
200,HIGH,HEVs
200,HIGH,HEVs
200,HIGH,HEVs
200,HIGH,HEVs
200,HIGH,HEVs
200,HIGH,HEVs
200,HIGH,HEVs
200,HIGH,HEVs
200,HIGH,HEVs
200,HIGH,HEVs
200,HIGH,HEVs
200,HIGH,HEVs
200,HIGH,HEVs
200,HIGH,HEVs
200,HIGH,HEVs
200,HIGH,HEVs
200,HIGH,HEVs
200,HIGH,HEVs
200,HIGH,HEVs
200,HIGH,HEVs
200,HIGH,HEVs
200,HIGH,HEVs
200,HIGH,HEVs
200,HIGH,HEVs
200,HIGH,HEVs
200,HIGH,HEVs
200,HIGH,HEVs
200,HIGH,HEVs
200,HIGH,HEVs
200,HIGH,HEVs
200,HIGH,HEVs
200,HIGH,HEVs
200,HIGH,HEVs
200,HIGH,HEVs
200,HIGH,HEVs
200,HIGH,HEVs
200,HIGH,HEVs
200,HIGH,HEVs
200,HIGH,HEVs
200,HIGH,HEVs
200,HIGH,HEVs
200,HIGH,HEVs
200,HIGH,HEVs
200,HIGH,HEVs
200,HIGH,HEVs
200,HIGH,HEVs
200,HIGH,HEVs
200,HIGH,HEVs
200,HIGH,HEVs
200,HIGH,HEVs
200,HIGH,HEVs
200,HIGH,HEVs
200,HIGH,HEVs
200,HIGH,HEVs
200,HIGH,HEVs
200,HIGH,HEVs
200,HIGH,HEVs
200,HIGH,HEVs
200,HIGH,HEVs
200,HIGH,HEVs
200,HIGH,HEVs
200,HIGH,HEVs
200,HIGH,HEVs
200,HIGH,HEVs
200,HIGH,HEVs
200,HIGH,HEVs
200,HIGH,HEVs
200,HIGH,HEVs
200,HIGH,HEVs
200,HIGH,HEVs
200,HIGH,HEVs
200,HIGH,HEVs
200,HIGH,HEVs
200,HIGH,HEVs
200,HIGH,HEVs
200,HIGH,HEVs
200,HIGH,HEVs
200,HIGH,HEVs
200,HIGH,HEVs
200,HIGH,HEVs
200,HIGH,HEVs
200,HIGH,HEVs
200,HIGH,HEVs
200,HIGH,HEVs
200,HIGH,HEVs
200,HIGH,HEVs
200,HIGH,HEVs
200,HIGH,HEVs
200,HIGH,HEVs
200,HIGH,HEVs
200,HIGH,HEVs
200,HIGH,HEVs
200,HIGH,HEVs
200,HIGH,HEVs
200,HIGH,HEVs
200,HIGH,HEVs
200,HIGH,HEVs
200,HIGH,HEVs
200,HIGH,HEVs
200,HIGH,HEVs
200,HIGH,HEVs
200,HIGH,HEVs
200,HIGH,HEVs
200,HIGH,HEVs
200,HIGH,HEVs
200,HIGH,HEVs
200,HIGH,HEVs
200,HIGH,HEVs
200,HIGH,HEVs
200,HIGH,HEVs
200,HIGH,HEVs
200,HIGH,HEVs
200,HIGH,HEVs
200,HIGH,HEVs
200,HIGH,HEVs
200,HIGH,HEVs
200,HIGH,HEVs
200,HIGH,HEVs
200,HIGH,HEVs
200,HIGH,HEVs
200,HIGH,HEVs
200,HIGH,HEVs
200,HIGH,HEVs
200,HIGH,HEVs
200,HIGH,HEVs
200,HIGH,HEVs
200,HIGH,HEVs
200,HIGH,HEVs
200,HIGH,HEVs
200,HIGH,HEVs
200,HIGH,HEVs
200,HIGH,HEVs
200,HIGH,HEVs
200,HIGH,HEVs
200,HIGH,HEVs
200,HIGH,HEVs
200,HIGH,HEVs
200,HIGH,HEVs
200,HIGH,HEVs
200,HIGH,HEVs
200,HIGH,HEVs
200,HIGH,HEVs
200,HIGH,HEVs
200,HIGH,HEVs
200,HIGH,HEVs
200,HIGH,HEVs
200,HIGH,HEVs
200,HIGH,HEVs
200,HIGH,HEVs
200,HIGH,HEVs
200,HIGH,HEVs
200,HIGH,HEVs
200,HIGH,HEVs
200,HIGH,HEVs
200,HIGH,HEVs
200,HIGH,HEVs
200,HIGH,HEVs
200,HIGH,HEVs
200,HIGH,HEVs
200,HIGH,HEVs
200,HIGH,HEVs
200,HIGH,HEVs
200,HIGH,HEVs
200,HIGH,HEVs
200,HIGH,HEVs
200,HIGH,HEVs
200,HIGH,HEVs
200,HIGH,HEVs
200,HIGH,HEVs
200,HIGH,HEVs
200,HIGH,HEVs
200,HIGH,HEVs
200,HIGH,HEVs
200,HIGH,HEVs
200,HIGH,HEVs
200,HIGH,HEVs
200,HIGH,HEVs
200,HIGH,HEVs
200,HIGH,HEVs
200,HIGH,HEVs
200,HIGH,HEVs
200,HIGH,HEVs
200,HIGH,HEVs
200,HIGH,HEVs
200,HIGH,HEVs
200,HIGH,HEVs
200,HIGH,HEVs
200,HIGH,HEVs
200,HIGH,HEVs
200,HIGH,HEVs
200,HIGH,HEVs
200,HIGH,HEVs
200,HIGH,HEVs
200,HIGH,HEVs
200,HIGH,HEVs
200,HIGH,HEVs
200,HIGH,HEVs
200,HIGH,HEVs
200,HIGH,HEVs
200,HIGH,HEVs
200,HIGH,HEVs
200,HIGH,HEVs
200,HIGH,HEVs
200,HIGH,HEVs
200,HIGH,HEVs
200,HIGH,HEVs
200,HIGH,HEVs
200,HIGH,HEVs
200,HIGH,HEVs
200,HIGH,HEVs
200,HIGH,HEVs
200,HIGH,HEVs
200,HIGH,HEVs
200,HIGH,HEVs
200,HIGH,HEVs
200,HIGH,HEVs
200,HIGH,HEVs
200,HIGH,HEVs
200,HIGH,HEVs
200,HIGH,HEVs
200,HIGH,HEVs
200,HIGH,HEVs
200,HIGH,HEVs
200,HIGH,HEVs
200,HIGH,HEVs
200,HIGH,HEVs
200,HIGH,HEVs
200,HIGH,HEVs
200,HIGH,HEVs
200,HIGH,HEVs
200,HIGH,HEVs
200,HIGH,HEVs
200,HIGH,HEVs
200,HIGH,HEVs
200,HIGH,HEVs
200,HIGH,HEVs
200,HIGH,HEVs
200,HIGH,HEVs
200,HIGH,HEVs
200,HIGH,HEVs
200,HIGH,HEVs
200,HIGH,HEVs
200,HIGH,HEVs
200,HIGH,HEVs
200,HIGH,HEVs
200,HIGH,HEVs
200,HIGH,HEVs
200,HIGH,HEVs
200,HIGH,HEVs
200,HIGH,HEVs
200,HIGH,HEVs
200,HIGH,HEVs
200,HIGH,HEVs
200,HIGH,HEVs
200,HIGH,HEVs
200,HIGH,HEVs
200,HIGH,HEVs
200,HIGH,HEVs
200,HIGH,HEVs
200,HIGH,HEVs
200,HIGH,HEVs
200,HIGH,HEVs
200,HIGH,HEVs
200,HIGH,HEVs
200,HIGH,HEVs
200,HIGH,HEVs
200,HIGH,HEVs
200,HIGH,HEVs
200,HIGH,HEVs
200,HIGH,HEVs
200,HIGH,HEVs
200,HIGH,HEVs
200,HIGH,HEVs
200,HIGH,HEVs
200,HIGH,HEVs
200,HIGH,HEVs
200,HIGH,HEVs
200,HIGH,HEVs
200,HIGH,HEVs
200,HIGH,HEVs
200,HIGH,HEVs
200,HIGH,HEVs
200,HIGH,HEVs
200,HIGH,HEVs
200,HIGH,HEVs
200,HIGH,HEVs
200,HIGH,HEVs
200,HIGH,HEVs
200,HIGH,HEVs
200,HIGH,HEVs
200,HIGH,HEVs
200,HIGH,HEVs
200,HIGH,HEVs
200,HIGH,HEVs
200,HIGH,HEVs
200,HIGH,HEVs
200,HIGH,HEVs
200,HIGH,HEVs
200,HIGH,HEVs
200,HIGH,HEVs
200,HIGH,HEVs
200,HIGH,HEVs
200,HIGH,HEVs
200,HIGH,HEVs
200,HIGH,HEVs
200,HIGH,HEVs
200,HIGH,HEVs
200,HIGH,HEVs
200,HIGH,HEVs
200,HIGH,HEVs
200,HIGH,HEVs
200,HIGH,HEVs
200,HIGH,HEVs
200,HIGH,HEVs
200,HIGH,HEVs
200,HIGH,HEVs
200,HIGH,HEVs
200,HIGH,HEVs
200,HIGH,HEVs
200,HIGH,HEVs
200,HIGH,HEVs
200,HIGH,HEVs
200,HIGH,HEVs
200,HIGH,HEVs
200,HIGH,HEVs
200,HIGH,HEVs
200,HIGH,HEVs
200,HIGH,HEVs
200,HIGH,HEVs
200,HIGH,HEVs
200,HIGH,HEVs
200,HIGH,HEVs
200,HIGH,HEVs
200,HIGH,HEVs
200,HIGH,HEVs
200,HIGH,HEVs
200,HIGH,HEVs
200,HIGH,HEVs
200,HIGH,HEVs
200,HIGH,HEVs
200,HIGH,HEVs
200,HIGH,HEVs
200,HIGH,HEVs
200,HIGH,HEVs
200,HIGH,HEVs
200,HIGH,HEVs
200,HIGH,HEVs
200,HIGH,HEVs
200,HIGH,HEVs
200,HIGH,HEVs
200,HIGH,HEVs
200,HIGH,HEVs
200,HIGH,HEVs
200,HIGH,HEVs
200,HIGH,HEVs
200,HIGH,HEVs
200,HIGH,HEVs
200,HIGH,HEVs
200,HIGH,HEVs
200,HIGH,HEVs
200,HIGH,HEVs
200,HIGH,HEVs
200,HIGH,HEVs
200,HIGH,HEVs
200,HIGH,HEVs
200,HIGH,HEVs
200,HIGH,HEVs
200,HIGH,HEVs
200,HIGH,HEVs
200,HIGH,HEVs
200,HIGH,HEVs
200,HIGH,HEVs
200,HIGH,HEVs
200,HIGH,HEVs
200,HIGH,HEVs
200,HIGH,HEVs
200,HIGH,HEVs
200,HIGH,HEVs
200,HIGH,HEVs
200,HIGH,HEVs
200,HIGH,HEVs
200,HIGH,HEVs
200,HIGH,HEVs
200,HIGH,HEVs
200,HIGH,HEVs
200,HIGH,HEVs
200,HIGH,HEVs
200,HIGH,HEVs
200,HIGH,HEVs
200,HIGH,HEVs
200,HIGH,HEVs
200,HIGH,HEVs
200,HIGH,HEVs
200,HIGH,HEVs
200,HIGH,HEVs
200,HIGH,HEVs
200,HIGH,HEVs
200,HIGH,HEVs
200,HIGH,HEVs
200,HIGH,HEVs
200,HIGH,HEVs
200,HIGH,HEVs
200,HIGH,HEVs
200,HIGH,HEVs
200,HIGH,HEVs
200,HIGH,HEVs
200,HIGH,HEVs
200,HIGH,HEVs
200,HIGH,HEVs
200,HIGH,HEVs
200,HIGH,HEVs
200,HIGH,HEVs
200,HIGH,HEVs
200,HIGH,HEVs
200,HIGH,HEVs
200,HIGH,HEVs
200,HIGH,HEVs
200,HIGH,HEVs
200,HIGH,HEVs
200,HIGH,HEVs
200,HIGH,HEVs
200,HIGH,HEVs
200,HIGH,HEVs
200,HIGH,HEVs
200,HIGH,HEVs
200,HIGH,HEVs
200,HIGH,HEVs
200,HIGH,HEVs
200,HIGH,HEVs
200,HIGH,HEVs
200,HIGH,HEVs
200,HIGH,HEVs
200,HIGH,HEVs
200,HIGH,HEVs
200,HIGH,HEVs
200,HIGH,HEVs
200,HIGH,HEVs
200,HIGH,HEVs
200,HIGH,HEVs
200,HIGH,HEVs
200,HIGH,HEVs
200,HIGH,HEVs
200,HIGH,HEVs
200,HIGH,HEVs
200,HIGH,HEVs
200,HIGH,HEVs
200,HIGH,HEVs
200,HIGH,HEVs
200,HIGH,HEVs
200,HIGH,HEVs
200,HIGH,HEVs
200,HIGH,HEVs
200,HIGH,HEVs
200,HIGH,HEVs
200,HIGH,HEVs
200,HIGH,HEVs
200,HIGH,HEVs
200,HIGH,HEVs
200,HIGH,HEVs
200,HIGH,HEVs
200,HIGH,HEVs
200,HIGH,HEVs
200,HIGH,HEVs
200,HIGH,HEVs
200,HIGH,HEVs
200,HIGH,HEVs
200,HIGH,HEVs
200,HIGH,HEVs
200,HIGH,HEVs
200,HIGH,HEVs
200,HIGH,HEVs
200,HIGH,HEVs
200,HIGH,HEVs
200,HIGH,HEVs
200,HIGH,HEVs
200,HIGH,HEVs
200,HIGH,HEVs
200,HIGH,HEVs
200,HIGH,HEVs
200,HIGH,HEVs
200,HIGH,HEVs
200,HIGH,HEVs
200,HIGH,HEVs
200,HIGH,HEVs
200,HIGH,HEVs
200,HIGH,HEVs
200,HIGH,HEVs
200,HIGH,HEVs
200,HIGH,HEVs
200,HIGH,HEVs
200,HIGH,HEVs
200,HIGH,HEVs
200,HIGH,HEVs
200,HIGH,HEVs
200,HIGH,HEVs
200,HIGH,HEVs
200,HIGH,HEVs
200,HIGH,HEVs
200,HIGH,HEVs
200,HIGH,HEVs
200,HIGH,HEVs
200,HIGH,HEVs
200,HIGH,HEVs
200,HIGH,HEVs
200,HIGH,HEVs
200,HIGH,HEVs
200,HIGH,HEVs
200,HIGH,HEVs
200,HIGH,HEVs
200,HIGH,HEVs
200,HIGH,HEVs
200,HIGH,HEVs
200,HIGH,HEVs
200,HIGH,HEVs
200,HIGH,HEVs
200,HIGH,HEVs
200,HIGH,HEVs
200,HIGH,HEVs
200,HIGH,HEVs
200,HIGH,HEVs
200,HIGH,HEVs
200,HIGH,HEVs
200,HIGH,HEVs
200,HIGH,HEVs
200,HIGH,HEVs
200,HIGH,HEVs
200,HIGH,HEVs
200,HIGH,HEVs
200,HIGH,HEVs
200,HIGH,HEVs
200,HIGH,HEVs
200,HIGH,HEVs
200,HIGH,HEVs
200,HIGH,HEVs
200,HIGH,HEVs
200,HIGH,HEVs
200,HIGH,HEVs
200,HIGH,HEVs
200,HIGH,HEVs
200,HIGH,HEVs
200,HIGH,HEVs
200,HIGH,HEVs
200,HIGH,HEVs
200,HIGH,HEVs
200,HIGH,HEVs
200,HIGH,HEVs
200,HIGH,HEVs
200,HIGH,HEVs
200,HIGH,HEVs
200,HIGH,HEVs
200,HIGH,HEVs
200,HIGH,HEVs
200,HIGH,HEVs
200,HIGH,HEVs
200,HIGH,HEVs
200,HIGH,HEVs
200,HIGH,HEVs
200,HIGH,HEVs
200,HIGH,HEVs
200,HIGH,HEVs
200,HIGH,HEVs
200,HIGH,HEVs
200,HIGH,HEVs
200,HIGH,HEVs
200,HIGH,HEVs
200,HIGH,HEVs
200,HIGH,HEVs
200,HIGH,HEVs
200,HIGH,HEVs
200,HIGH,HEVs
200,HIGH,HEVs
200,HIGH,HEVs
200,HIGH,HEVs
200,HIGH,HEVs
200,HIGH,HEVs
200,HIGH,HEVs
200,HIGH,HEVs
200,HIGH,HEVs
200,HIGH,HEVs
200,HIGH,HEVs
200,HIGH,HEVs
200,HIGH,HEVs
200,HIGH,HEVs
200,HIGH,HEVs
200,HIGH,HEVs
200,HIGH,HEVs
200,HIGH,HEVs
200,HIGH,HEVs
200,HIGH,HEVs
200,HIGH,HEVs
200,HIGH,HEVs
200,HIGH,HEVs
200,HIGH,HEVs
200,HIGH,HEVs
200,HIGH,HEVs
200,HIGH,HEVs
200,HIGH,HEVs
200,HIGH,HEVs
200,HIGH,HEVs
200,HIGH,HEVs
200,HIGH,HEVs
200,HIGH,HEVs
200,HIGH,HEVs
200,HIGH,HEVs
200,HIGH,HEVs
200,HIGH,HEVs
200,HIGH,HEVs
200,HIGH,HEVs
200,HIGH,HEVs
200,HIGH,HEVs
200,HIGH,HEVs
200,HIGH,HEVs
200,HIGH,HEVs
200,HIGH,HEVs
200,HIGH,HEVs
200,HIGH,HEVs
200,HIGH,HEVs
200,HIGH,HEVs
200,HIGH,HEVs
200,HIGH,HEVs
200,HIGH,HEVs
200,HIGH,HEVs
200,HIGH,PHEVs
200,HIGH,PHEVs
200,HIGH,PHEVs
200,HIGH,PHEVs
200,HIGH,PHEVs
200,HIGH,PHEVs
200,HIGH,PHEVs
200,HIGH,PHEVs
200,HIGH,PHEVs
200,HIGH,PHEVs
200,HIGH,PHEVs
200,HIGH,PHEVs
200,HIGH,PHEVs
200,HIGH,PHEVs
200,HIGH,PHEVs
200,HIGH,PHEVs
200,HIGH,PHEVs
200,HIGH,PHEVs
200,HIGH,PHEVs
200,HIGH,PHEVs
200,HIGH,PHEVs
200,HIGH,PHEVs
200,HIGH,PHEVs
200,HIGH,PHEVs
200,HIGH,PHEVs
200,HIGH,PHEVs
200,HIGH,PHEVs
200,HIGH,PHEVs
200,HIGH,PHEVs
200,HIGH,PHEVs
200,HIGH,PHEVs
200,HIGH,PHEVs
200,HIGH,PHEVs
200,HIGH,PHEVs
200,HIGH,PHEVs
200,HIGH,PHEVs
200,HIGH,PHEVs
200,HIGH,PHEVs
200,HIGH,PHEVs
200,HIGH,PHEVs
200,HIGH,PHEVs
200,HIGH,PHEVs
200,HIGH,PHEVs
200,HIGH,PHEVs
200,HIGH,PHEVs
200,HIGH,PHEVs
200,HIGH,PHEVs
200,HIGH,PHEVs
200,HIGH,PHEVs
200,HIGH,PHEVs
200,HIGH,PHEVs
200,HIGH,PHEVs
200,HIGH,PHEVs
200,HIGH,PHEVs
200,HIGH,PHEVs
200,HIGH,PHEVs
200,HIGH,PHEVs
200,HIGH,PHEVs
200,HIGH,PHEVs
200,HIGH,PHEVs
200,HIGH,PHEVs
200,HIGH,PHEVs
200,HIGH,PHEVs
200,HIGH,PHEVs
200,HIGH,PHEVs
200,HIGH,PHEVs
200,HIGH,PHEVs
200,HIGH,PHEVs
200,HIGH,PHEVs
200,HIGH,PHEVs
200,HIGH,PHEVs
200,HIGH,PHEVs
200,HIGH,PHEVs
200,HIGH,PHEVs
200,HIGH,PHEVs
200,HIGH,PHEVs
200,HIGH,PHEVs
200,HIGH,PHEVs
200,HIGH,PHEVs
200,HIGH,PHEVs
200,HIGH,PHEVs
200,HIGH,PHEVs
200,HIGH,PHEVs
200,HIGH,PHEVs
200,HIGH,PHEVs
200,HIGH,PHEVs
200,HIGH,PHEVs
200,HIGH,PHEVs
200,HIGH,PHEVs
200,HIGH,PHEVs
200,HIGH,PHEVs
200,HIGH,PHEVs
200,HIGH,PHEVs
200,HIGH,PHEVs
200,HIGH,PHEVs
200,HIGH,PHEVs
200,HIGH,PHEVs
200,HIGH,PHEVs
200,HIGH,PHEVs
200,HIGH,PHEVs
200,HIGH,PHEVs
200,HIGH,PHEVs
200,HIGH,PHEVs
200,HIGH,PHEVs
200,HIGH,PHEVs
200,HIGH,PHEVs
200,HIGH,PHEVs
200,HIGH,PHEVs
200,HIGH,PHEVs
200,HIGH,PHEVs
200,HIGH,PHEVs
200,HIGH,PHEVs
200,HIGH,PHEVs
200,HIGH,PHEVs
200,HIGH,PHEVs
200,HIGH,PHEVs
200,HIGH,PHEVs
200,HIGH,PHEVs
200,HIGH,PHEVs
200,HIGH,PHEVs
200,HIGH,PHEVs
200,HIGH,PHEVs
200,HIGH,PHEVs
200,HIGH,PHEVs
200,HIGH,PHEVs
200,HIGH,PHEVs
200,HIGH,PHEVs
200,HIGH,PHEVs
200,HIGH,PHEVs
200,HIGH,PHEVs
200,HIGH,PHEVs
200,HIGH,PHEVs
200,HIGH,PHEVs
200,HIGH,PHEVs
200,HIGH,PHEVs
200,HIGH,PHEVs
200,HIGH,PHEVs
200,HIGH,PHEVs
200,HIGH,PHEVs
200,HIGH,PHEVs
200,HIGH,PHEVs
200,HIGH,PHEVs
200,HIGH,PHEVs
200,HIGH,PHEVs
200,HIGH,PHEVs
200,HIGH,PHEVs
200,HIGH,PHEVs
200,HIGH,PHEVs
200,HIGH,PHEVs
200,HIGH,PHEVs
200,HIGH,PHEVs
200,HIGH,PHEVs
200,HIGH,PHEVs
200,HIGH,PHEVs
200,HIGH,PHEVs
200,HIGH,PHEVs
200,HIGH,PHEVs
200,HIGH,PHEVs
200,HIGH,PHEVs
200,HIGH,PHEVs
200,HIGH,PHEVs
200,HIGH,PHEVs
200,HIGH,PHEVs
200,HIGH,PHEVs
200,HIGH,PHEVs
200,HIGH,PHEVs
200,HIGH,PHEVs
200,HIGH,PHEVs
200,HIGH,PHEVs
200,HIGH,PHEVs
200,HIGH,PHEVs
200,HIGH,PHEVs
200,HIGH,PHEVs
200,HIGH,PHEVs
200,HIGH,PHEVs
200,HIGH,PHEVs
200,HIGH,PHEVs
200,HIGH,PHEVs
200,HIGH,PHEVs
200,HIGH,PHEVs
200,HIGH,PHEVs
200,HIGH,PHEVs
200,HIGH,PHEVs
200,HIGH,PHEVs
200,HIGH,PHEVs
200,HIGH,PHEVs
200,HIGH,PHEVs
200,HIGH,PHEVs
200,HIGH,PHEVs
200,HIGH,PHEVs
200,HIGH,PHEVs
200,HIGH,PHEVs
200,HIGH,PHEVs
200,HIGH,PHEVs
200,HIGH,PHEVs
200,HIGH,PHEVs
200,HIGH,PHEVs
200,HIGH,PHEVs
200,HIGH,PHEVs
200,HIGH,PHEVs
200,HIGH,PHEVs
200,HIGH,PHEVs
200,HIGH,PHEVs
200,HIGH,PHEVs
200,HIGH,PHEVs
200,HIGH,PHEVs
200,HIGH,PHEVs
200,HIGH,PHEVs
200,HIGH,PHEVs
200,HIGH,PHEVs
200,HIGH,PHEVs
200,HIGH,PHEVs
200,HIGH,PHEVs
200,HIGH,PHEVs
200,HIGH,PHEVs
200,HIGH,PHEVs
200,HIGH,PHEVs
200,HIGH,PHEVs
200,HIGH,PHEVs
200,HIGH,PHEVs
200,HIGH,PHEVs
200,HIGH,PHEVs
200,HIGH,PHEVs
200,HIGH,PHEVs
200,HIGH,PHEVs
200,HIGH,PHEVs
200,HIGH,PHEVs
200,HIGH,PHEVs
200,HIGH,PHEVs
200,HIGH,PHEVs
200,HIGH,PHEVs
200,HIGH,PHEVs
200,HIGH,PHEVs
200,HIGH,PHEVs
200,HIGH,PHEVs
200,HIGH,PHEVs
200,HIGH,PHEVs
200,HIGH,PHEVs
200,HIGH,PHEVs
200,HIGH,PHEVs
200,HIGH,PHEVs
200,HIGH,PHEVs
200,HIGH,PHEVs
200,HIGH,PHEVs
200,HIGH,PHEVs
200,HIGH,PHEVs
200,HIGH,PHEVs
200,HIGH,PHEVs
200,HIGH,PHEVs
200,HIGH,PHEVs
200,HIGH,PHEVs
200,HIGH,PHEVs
200,HIGH,PHEVs
200,HIGH,PHEVs
200,HIGH,PHEVs
200,HIGH,PHEVs
200,HIGH,PHEVs
200,HIGH,PHEVs
200,HIGH,PHEVs
200,HIGH,PHEVs
200,HIGH,PHEVs
200,HIGH,PHEVs
200,HIGH,PHEVs
200,HIGH,PHEVs
200,HIGH,PHEVs
200,HIGH,PHEVs
200,HIGH,PHEVs
200,HIGH,PHEVs
200,HIGH,PHEVs
200,HIGH,PHEVs
200,HIGH,PHEVs
200,HIGH,PHEVs
200,HIGH,PHEVs
200,HIGH,PHEVs
200,HIGH,PHEVs
200,HIGH,PHEVs
200,LOW,BEVs
200,LOW,BEVs
200,LOW,BEVs
200,LOW,BEVs
200,LOW,BEVs
200,LOW,BEVs
200,LOW,BEVs
200,LOW,BEVs
200,LOW,BEVs
200,LOW,BEVs
200,LOW,BEVs
200,LOW,BEVs
200,LOW,BEVs
200,LOW,BEVs
200,LOW,BEVs
200,LOW,BEVs
200,LOW,BEVs
200,LOW,BEVs
200,LOW,BEVs
200,LOW,BEVs
200,LOW,BEVs
200,LOW,BEVs
200,LOW,BEVs
200,LOW,BEVs
200,LOW,BEVs
200,LOW,BEVs
200,LOW,BEVs
200,LOW,BEVs
200,LOW,BEVs
200,LOW,BEVs
200,LOW,BEVs
200,LOW,BEVs
200,LOW,BEVs
200,LOW,BEVs
200,LOW,BEVs
200,LOW,BEVs
200,LOW,BEVs
200,LOW,BEVs
200,LOW,BEVs
200,LOW,BEVs
200,LOW,BEVs
200,LOW,BEVs
200,LOW,BEVs
200,LOW,BEVs
200,LOW,CNG's
200,LOW,CNG's
200,LOW,HEVs
200,LOW,HEVs
200,LOW,HEVs
200,LOW,HEVs
200,LOW,HEVs
200,LOW,HEVs
200,LOW,HEVs
200,LOW,HEVs
200,LOW,HEVs
200,LOW,HEVs
200,LOW,HEVs
200,LOW,HEVs
200,LOW,HEVs
200,LOW,HEVs
200,LOW,HEVs
200,LOW,HEVs
200,LOW,HEVs
200,LOW,HEVs
200,LOW,HEVs
200,LOW,HEVs
200,LOW,HEVs
200,LOW,HEVs
200,LOW,HEVs
200,LOW,HEVs
200,LOW,HEVs
200,LOW,HEVs
200,LOW,HEVs
200,LOW,HEVs
200,LOW,HEVs
200,LOW,HEVs
200,LOW,HEVs
200,LOW,HEVs
200,LOW,HEVs
200,LOW,HEVs
200,LOW,HEVs
200,LOW,HEVs
200,LOW,HEVs
200,LOW,HEVs
200,LOW,HEVs
200,LOW,HEVs
200,LOW,HEVs
200,LOW,HEVs
200,LOW,HEVs
200,LOW,HEVs
200,LOW,HEVs
200,LOW,HEVs
200,LOW,HEVs
200,LOW,HEVs
200,LOW,HEVs
200,LOW,HEVs
200,LOW,HEVs
200,LOW,HEVs
200,LOW,PHEVs
200,LOW,PHEVs
200,LOW,PHEVs
200,LOW,PHEVs
200,LOW,PHEVs
200,LOW,PHEVs
200,LOW,PHEVs
200,LOW,PHEVs
200,LOW,PHEVs
200,LOW,PHEVs
200,LOW,PHEVs
200,LOW,PHEVs
200,LOW,PHEVs
200,LOW,PHEVs
200,LOW,PHEVs
200,LOW,PHEVs
200,LOW,PHEVs
200,LOW,PHEVs
200,LOW,PHEVs
200,LOW,PHEVs
200,LOW,PHEVs
200,LOW,PHEVs
200,LOW,PHEVs
200,LOW,PHEVs
200,LOW,PHEVs
200,LOW,PHEVs
200,LOW,PHEVs
200,LOW,PHEVs
200,LOW,PHEVs
200,LOW,PHEVs
200,LOW,PHEVs
200,LOW,PHEVs
200,LOW,PHEVs
200,LOW,PHEVs
200,LOW,PHEVs
200,LOW,PHEVs
200,LOW,PHEVs
200,MED,BEVs
200,MED,BEVs
200,MED,BEVs
200,MED,BEVs
200,MED,BEVs
200,MED,BEVs
200,MED,BEVs
200,MED,BEVs
200,MED,BEVs
200,MED,BEVs
200,MED,BEVs
200,MED,BEVs
200,MED,BEVs
200,MED,BEVs
200,MED,BEVs
200,MED,BEVs
200,MED,BEVs
200,MED,BEVs
200,MED,BEVs
200,MED,BEVs
200,MED,BEVs
200,MED,BEVs
200,MED,BEVs
200,MED,BEVs
200,MED,BEVs
200,MED,BEVs
200,MED,BEVs
200,MED,BEVs
200,MED,BEVs
200,MED,BEVs
200,MED,BEVs
200,MED,BEVs
200,MED,BEVs
200,MED,BEVs
200,MED,BEVs
200,MED,BEVs
200,MED,BEVs
200,MED,BEVs
200,MED,BEVs
200,MED,BEVs
200,MED,BEVs
200,MED,BEVs
200,MED,BEVs
200,MED,BEVs
200,MED,BEVs
200,MED,BEVs
200,MED,BEVs
200,MED,BEVs
200,MED,BEVs
200,MED,BEVs
200,MED,BEVs
200,MED,BEVs
200,MED,BEVs
200,MED,BEVs
200,MED,BEVs
200,MED,BEVs
200,MED,BEVs
200,MED,BEVs
200,MED,BEVs
200,MED,BEVs
200,MED,BEVs
200,MED,BEVs
200,MED,BEVs
200,MED,BEVs
200,MED,BEVs
200,MED,BEVs
200,MED,BEVs
200,MED,BEVs
200,MED,BEVs
200,MED,BEVs
200,MED,BEVs
200,MED,BEVs
200,MED,BEVs
200,MED,BEVs
200,MED,BEVs
200,MED,BEVs
200,MED,BEVs
200,MED,BEVs
200,MED,BEVs
200,MED,BEVs
200,MED,BEVs
200,MED,BEVs
200,MED,BEVs
200,MED,BEVs
200,MED,BEVs
200,MED,BEVs
200,MED,BEVs
200,MED,BEVs
200,MED,BEVs
200,MED,BEVs
200,MED,BEVs
200,MED,BEVs
200,MED,BEVs
200,MED,BEVs
200,MED,BEVs
200,MED,BEVs
200,MED,BEVs
200,MED,BEVs
200,MED,BEVs
200,MED,BEVs
200,MED,BEVs
200,MED,BEVs
200,MED,BEVs
200,MED,BEVs
200,MED,BEVs
200,MED,BEVs
200,MED,BEVs
200,MED,BEVs
200,MED,BEVs
200,MED,BEVs
200,MED,BEVs
200,MED,BEVs
200,MED,BEVs
200,MED,BEVs
200,MED,BEVs
200,MED,BEVs
200,MED,BEVs
200,MED,BEVs
200,MED,CNG's
200,MED,CNG's
200,MED,HEVs
200,MED,HEVs
200,MED,HEVs
200,MED,HEVs
200,MED,HEVs
200,MED,HEVs
200,MED,HEVs
200,MED,HEVs
200,MED,HEVs
200,MED,HEVs
200,MED,HEVs
200,MED,HEVs
200,MED,HEVs
200,MED,HEVs
200,MED,HEVs
200,MED,HEVs
200,MED,HEVs
200,MED,HEVs
200,MED,HEVs
200,MED,HEVs
200,MED,HEVs
200,MED,HEVs
200,MED,HEVs
200,MED,HEVs
200,MED,HEVs
200,MED,HEVs
200,MED,HEVs
200,MED,HEVs
200,MED,HEVs
200,MED,HEVs
200,MED,HEVs
200,MED,HEVs
200,MED,HEVs
200,MED,HEVs
200,MED,HEVs
200,MED,HEVs
200,MED,HEVs
200,MED,HEVs
200,MED,HEVs
200,MED,HEVs
200,MED,HEVs
200,MED,HEVs
200,MED,HEVs
200,MED,HEVs
200,MED,HEVs
200,MED,HEVs
200,MED,HEVs
200,MED,HEVs
200,MED,HEVs
200,MED,HEVs
200,MED,HEVs
200,MED,HEVs
200,MED,HEVs
200,MED,HEVs
200,MED,HEVs
200,MED,HEVs
200,MED,HEVs
200,MED,HEVs
200,MED,HEVs
200,MED,HEVs
200,MED,HEVs
200,MED,HEVs
200,MED,HEVs
200,MED,HEVs
200,MED,HEVs
200,MED,HEVs
200,MED,HEVs
200,MED,HEVs
200,MED,HEVs
200,MED,HEVs
200,MED,HEVs
200,MED,HEVs
200,MED,HEVs
200,MED,HEVs
200,MED,HEVs
200,MED,HEVs
200,MED,HEVs
200,MED,HEVs
200,MED,HEVs
200,MED,HEVs
200,MED,HEVs
200,MED,HEVs
200,MED,HEVs
200,MED,HEVs
200,MED,HEVs
200,MED,HEVs
200,MED,HEVs
200,MED,HEVs
200,MED,HEVs
200,MED,HEVs
200,MED,HEVs
200,MED,HEVs
200,MED,HEVs
200,MED,HEVs
200,MED,HEVs
200,MED,HEVs
200,MED,HEVs
200,MED,HEVs
200,MED,HEVs
200,MED,HEVs
200,MED,HEVs
200,MED,HEVs
200,MED,HEVs
200,MED,HEVs
200,MED,HEVs
200,MED,HEVs
200,MED,HEVs
200,MED,HEVs
200,MED,HEVs
200,MED,HEVs
200,MED,HEVs
200,MED,HEVs
200,MED,HEVs
200,MED,HEVs
200,MED,HEVs
200,MED,HEVs
200,MED,HEVs
200,MED,HEVs
200,MED,HEVs
200,MED,HEVs
200,MED,PHEVs
200,MED,PHEVs
200,MED,PHEVs
200,MED,PHEVs
200,MED,PHEVs
200,MED,PHEVs
200,MED,PHEVs
200,MED,PHEVs
200,MED,PHEVs
200,MED,PHEVs
200,MED,PHEVs
200,MED,PHEVs
200,MED,PHEVs
200,MED,PHEVs
200,MED,PHEVs
200,MED,PHEVs
200,MED,PHEVs
200,MED,PHEVs
200,MED,PHEVs
200,MED,PHEVs
200,MED,PHEVs
200,MED,PHEVs
200,MED,PHEVs
200,MED,PHEVs
200,MED,PHEVs
200,MED,PHEVs
200,MED,PHEVs
200,MED,PHEVs
200,MED,PHEVs
200,MED,PHEVs
200,MED,PHEVs
200,MED,PHEVs
200,MED,PHEVs
200,MED,PHEVs
200,MED,PHEVs
200,MED,PHEVs
200,MED,PHEVs
200,MED,PHEVs
200,MED,PHEVs
200,MED,PHEVs
200,MED,PHEVs
200,MED,PHEVs
200,MED,PHEVs
200,MED,PHEVs
200,MED,PHEVs
200,MED,PHEVs
200,MED,PHEVs
200,MED,PHEVs
200,MED,PHEVs
200,MED,PHEVs
200,MED,PHEVs
200,MED,PHEVs
200,MED,PHEVs
200,MED,PHEVs
200,MED,PHEVs
200,MED,PHEVs
200,MED,PHEVs
200,MED,PHEVs
200,MED,PHEVs
200,MED,PHEVs
200,MED,PHEVs
200,MED,PHEVs
200,MED,PHEVs
200,MED,PHEVs
200,MED,PHEVs
200,MED,PHEVs
200,MED,PHEVs
200,MED,PHEVs
200,MED,PHEVs
200,MED,PHEVs
200,MED,PHEVs
200,MED,PHEVs
200,MED,PHEVs
500,HIGH,BEVs
500,HIGH,BEVs
500,HIGH,BEVs
500,HIGH,BEVs
500,HIGH,BEVs
500,HIGH,BEVs
500,HIGH,BEVs
500,HIGH,BEVs
500,HIGH,BEVs
500,HIGH,BEVs
500,HIGH,BEVs
500,HIGH,BEVs
500,HIGH,BEVs
500,HIGH,BEVs
500,HIGH,BEVs
500,HIGH,BEVs
500,HIGH,BEVs
500,HIGH,BEVs
500,HIGH,BEVs
500,HIGH,BEVs
500,HIGH,BEVs
500,HIGH,BEVs
500,HIGH,BEVs
500,HIGH,BEVs
500,HIGH,BEVs
500,HIGH,BEVs
500,HIGH,BEVs
500,HIGH,BEVs
500,HIGH,BEVs
500,HIGH,BEVs
500,HIGH,BEVs
500,HIGH,BEVs
500,HIGH,BEVs
500,HIGH,BEVs
500,HIGH,BEVs
500,HIGH,BEVs
500,HIGH,BEVs
500,HIGH,BEVs
500,HIGH,BEVs
500,HIGH,BEVs
500,HIGH,BEVs
500,HIGH,BEVs
500,HIGH,BEVs
500,HIGH,BEVs
500,HIGH,BEVs
500,HIGH,BEVs
500,HIGH,BEVs
500,HIGH,BEVs
500,HIGH,BEVs
500,HIGH,BEVs
500,HIGH,BEVs
500,HIGH,BEVs
500,HIGH,BEVs
500,HIGH,BEVs
500,HIGH,BEVs
500,HIGH,BEVs
500,HIGH,BEVs
500,HIGH,BEVs
500,HIGH,BEVs
500,HIGH,BEVs
500,HIGH,BEVs
500,HIGH,BEVs
500,HIGH,BEVs
500,HIGH,BEVs
500,HIGH,BEVs
500,HIGH,BEVs
500,HIGH,BEVs
500,HIGH,BEVs
500,HIGH,BEVs
500,HIGH,BEVs
500,HIGH,BEVs
500,HIGH,BEVs
500,HIGH,BEVs
500,HIGH,BEVs
500,HIGH,BEVs
500,HIGH,BEVs
500,HIGH,BEVs
500,HIGH,BEVs
500,HIGH,BEVs
500,HIGH,BEVs
500,HIGH,BEVs
500,HIGH,BEVs
500,HIGH,BEVs
500,HIGH,BEVs
500,HIGH,BEVs
500,HIGH,BEVs
500,HIGH,BEVs
500,HIGH,BEVs
500,HIGH,BEVs
500,HIGH,BEVs
500,HIGH,BEVs
500,HIGH,BEVs
500,HIGH,BEVs
500,HIGH,BEVs
500,HIGH,BEVs
500,HIGH,BEVs
500,HIGH,BEVs
500,HIGH,BEVs
500,HIGH,BEVs
500,HIGH,BEVs
500,HIGH,BEVs
500,HIGH,BEVs
500,HIGH,BEVs
500,HIGH,BEVs
500,HIGH,CNG's
500,HIGH,CNG's
500,HIGH,HEVs
500,HIGH,HEVs
500,HIGH,HEVs
500,HIGH,HEVs
500,HIGH,HEVs
500,HIGH,HEVs
500,HIGH,HEVs
500,HIGH,HEVs
500,HIGH,HEVs
500,HIGH,HEVs
500,HIGH,HEVs
500,HIGH,HEVs
500,HIGH,HEVs
500,HIGH,HEVs
500,HIGH,HEVs
500,HIGH,HEVs
500,HIGH,HEVs
500,HIGH,HEVs
500,HIGH,HEVs
500,HIGH,HEVs
500,HIGH,HEVs
500,HIGH,HEVs
500,HIGH,HEVs
500,HIGH,HEVs
500,HIGH,HEVs
500,HIGH,HEVs
500,HIGH,HEVs
500,HIGH,HEVs
500,HIGH,HEVs
500,HIGH,HEVs
500,HIGH,HEVs
500,HIGH,HEVs
500,HIGH,HEVs
500,HIGH,HEVs
500,HIGH,HEVs
500,HIGH,HEVs
500,HIGH,HEVs
500,HIGH,HEVs
500,HIGH,HEVs
500,HIGH,HEVs
500,HIGH,HEVs
500,HIGH,HEVs
500,HIGH,HEVs
500,HIGH,HEVs
500,HIGH,HEVs
500,HIGH,HEVs
500,HIGH,HEVs
500,HIGH,HEVs
500,HIGH,HEVs
500,HIGH,HEVs
500,HIGH,HEVs
500,HIGH,HEVs
500,HIGH,HEVs
500,HIGH,HEVs
500,HIGH,HEVs
500,HIGH,HEVs
500,HIGH,HEVs
500,HIGH,HEVs
500,HIGH,HEVs
500,HIGH,HEVs
500,HIGH,HEVs
500,HIGH,HEVs
500,HIGH,HEVs
500,HIGH,HEVs
500,HIGH,HEVs
500,HIGH,HEVs
500,HIGH,HEVs
500,HIGH,HEVs
500,HIGH,HEVs
500,HIGH,HEVs
500,HIGH,HEVs
500,HIGH,HEVs
500,HIGH,HEVs
500,HIGH,HEVs
500,HIGH,HEVs
500,HIGH,HEVs
500,HIGH,HEVs
500,HIGH,HEVs
500,HIGH,HEVs
500,HIGH,HEVs
500,HIGH,HEVs
500,HIGH,HEVs
500,HIGH,HEVs
500,HIGH,HEVs
500,HIGH,HEVs
500,HIGH,HEVs
500,HIGH,HEVs
500,HIGH,HEVs
500,HIGH,HEVs
500,HIGH,HEVs
500,HIGH,PHEVs
500,HIGH,PHEVs
500,HIGH,PHEVs
500,HIGH,PHEVs
500,HIGH,PHEVs
500,HIGH,PHEVs
500,HIGH,PHEVs
500,HIGH,PHEVs
500,HIGH,PHEVs
500,HIGH,PHEVs
500,HIGH,PHEVs
500,HIGH,PHEVs
500,HIGH,PHEVs
500,HIGH,PHEVs
500,HIGH,PHEVs
500,HIGH,PHEVs
500,HIGH,PHEVs
500,HIGH,PHEVs
500,HIGH,PHEVs
500,HIGH,PHEVs
500,HIGH,PHEVs
500,HIGH,PHEVs
500,HIGH,PHEVs
500,HIGH,PHEVs
500,HIGH,PHEVs
500,HIGH,PHEVs
500,HIGH,PHEVs
500,HIGH,PHEVs
500,HIGH,PHEVs
500,HIGH,PHEVs
500,HIGH,PHEVs
500,HIGH,PHEVs
500,HIGH,PHEVs
500,HIGH,PHEVs
500,HIGH,PHEVs
500,HIGH,PHEVs
500,HIGH,PHEVs
500,HIGH,PHEVs
500,HIGH,PHEVs
500,HIGH,PHEVs
500,HIGH,PHEVs
500,HIGH,PHEVs
500,HIGH,PHEVs
500,HIGH,PHEVs
500,HIGH,PHEVs
500,HIGH,PHEVs
500,HIGH,PHEVs
500,LOW,BEVs
500,LOW,BEVs
500,LOW,BEVs
500,LOW,BEVs
500,LOW,BEVs
500,LOW,BEVs
500,LOW,HEVs
500,LOW,HEVs
500,LOW,HEVs
500,LOW,HEVs
500,LOW,HEVs
500,LOW,HEVs
500,LOW,HEVs
500,LOW,PHEVs
500,LOW,PHEVs
500,LOW,PHEVs
500,LOW,PHEVs
500,LOW,PHEVs
500,LOW,PHEVs
500,LOW,PHEVs
500,LOW,PHEVs
500,LOW,PHEVs
500,MED,BEVs
500,MED,BEVs
500,MED,BEVs
500,MED,BEVs
500,MED,BEVs
500,MED,BEVs
500,MED,BEVs
500,MED,BEVs
500,MED,BEVs
500,MED,BEVs
500,MED,BEVs
500,MED,BEVs
500,MED,BEVs
500,MED,BEVs
500,MED,BEVs
500,MED,BEVs
500,MED,BEVs
500,MED,BEVs
500,MED,BEVs
500,MED,BEVs
500,MED,BEVs
500,MED,BEVs
500,MED,HEVs
500,MED,HEVs
500,MED,HEVs
500,MED,HEVs
500,MED,HEVs
500,MED,HEVs
500,MED,HEVs
500,MED,HEVs
500,MED,HEVs
500,MED,HEVs
500,MED,HEVs
500,MED,HEVs
500,MED,HEVs
500,MED,HEVs
500,MED,HEVs
500,MED,HEVs
500,MED,HEVs
500,MED,HEVs
500,MED,HEVs
500,MED,HEVs
500,MED,HEVs
500,MED,HEVs
500,MED,HEVs
500,MED,HEVs
500,MED,PHEVs
500,MED,PHEVs
500,MED,PHEVs
500,MED,PHEVs
500,MED,PHEVs
500,MED,PHEVs
500,MED,PHEVs
500,MED,PHEVs
500,MED,PHEVs
500,MED,PHEVs
500,MED,PHEVs
500,MED,PHEVs
500,MED,PHEVs
